id_local,uf,municipio
1,AC,ACRELÂNDIA
2,AC,ASSIS BRASIL
3,AC,BRASILÉIA
4,AC,BUJARI
5,AC,CAPIXABA
6,AC,CRUZEIRO DO SUL
7,AC,EPITACIOLÂNDIA
8,AC,FEIJÓ
9,AC,JORDÃO
10,AC,MANOEL URBANO
11,AC,MARECHAL THAUMATURGO
12,AC,MÂNCIO LIMA
13,AC,PLÁCIDO DE CASTRO
14,AC,PORTO ACRE
15,AC,PORTO WALTER
16,AC,RIO BRANCO
17,AC,RODRIGUES ALVES
18,AC,SENA MADUREIRA
19,AC,SENADOR GUIOMARD
20,AC,TARAUACÁ
21,AC,XAPURI
22,AL,ANADIA
23,AL,ARAPIRACA
24,AL,ATALAIA
25,AL,BARRA DE SANTO ANTÔNIO
26,AL,BARRA DE SÃO MIGUEL
27,AL,BATALHA
28,AL,BELO MONTE
29,AL,BOCA DA MATA
30,AL,CACIMBINHAS
31,AL,CAJUEIRO
32,AL,CAMPO ALEGRE
33,AL,CAMPO GRANDE
34,AL,CANAPI
35,AL,CAPELA
36,AL,CHÃ PRETA
37,AL,COITÉ DO NÓIA
38,AL,COLÔNIA LEOPOLDINA
39,AL,CORURIPE
40,AL,CRAÍBAS
41,AL,DELMIRO GOUVEIA
42,AL,DOIS RIACHOS
43,AL,ESTRELA DE ALAGOAS
44,AL,FEIRA GRANDE
45,AL,FLEXEIRAS
46,AL,GIRAU DO PONCIANO
47,AL,IBATEGUARA
48,AL,IGACI
49,AL,IGREJA NOVA
50,AL,INHAPI
51,AL,JACARÉ DOS HOMENS
52,AL,JEQUIÁ DA PRAIA
53,AL,JOAQUIM GOMES
54,AL,JUNQUEIRO
55,AL,LAGOA DA CANOA
56,AL,LIMOEIRO DE ANADIA
57,AL,MACEIÓ
58,AL,MAJOR ISIDORO
59,AL,MARAGOGI
60,AL,MARAVILHA
61,AL,MARECHAL DEODORO
62,AL,MARIBONDO
63,AL,MATA GRANDE
64,AL,MATRIZ DE CAMARAGIBE
65,AL,MESSIAS
66,AL,MINADOR DO NEGRÃO
67,AL,MURICI
68,AL,NOVO LINO
69,AL,OLHO D´ÁGUA DAS FLORES
70,AL,OLIVENÇA
71,AL,OURO BRANCO
72,AL,PALMEIRA DOS ÍNDIOS
73,AL,PARIPUEIRA
74,AL,PASSO DE CAMARAGIBE
75,AL,PENEDO
76,AL,PIAÇABUÇU
77,AL,PILAR
78,AL,PIRANHAS
79,AL,PORTO CALVO
80,AL,PORTO REAL DO COLÉGIO
81,AL,POÇO DAS TRINCHEIRAS
82,AL,PÃO DE AÇÚCAR
83,AL,QUEBRANGULO
84,AL,RIO LARGO
85,AL,SANTA LUZIA DO NORTE
86,AL,SANTANA DO IPANEMA
87,AL,SANTANA DO MUNDAÚ
88,AL,SATUBA
89,AL,SENADOR RUI PALMEIRA
90,AL,SÃO JOSÉ DA LAJE
91,AL,SÃO JOSÉ DA TAPERA
92,AL,SÃO LUÍS DO QUITUNDE
93,AL,SÃO MIGUEL DOS CAMPOS
94,AL,SÃO MIGUEL DOS MILAGRES
95,AL,SÃO SEBASTIÃO
96,AL,TAQUARANA
97,AL,TEOTÔNIO VILELA
98,AL,TRAIPU
99,AL,UNIÃO DOS PALMARES
100,AL,VIÇOSA
101,AL,ÁGUA BRANCA
102,AM,ALVARÃES
103,AM,AMATURÁ
104,AM,ANAMÃ
105,AM,ANORI
106,AM,APUÍ
107,AM,ATALAIA DO NORTE
108,AM,AUTAZES
109,AM,BARCELOS
110,AM,BARREIRINHA
111,AM,BENJAMIN CONSTANT
112,AM,BERURI
113,AM,BOA VISTA DO RAMOS
114,AM,BOCA DO ACRE
115,AM,BORBA
116,AM,CAAPIRANGA
117,AM,CANUTAMA
118,AM,CARAUARI
119,AM,CAREIRO
120,AM,CAREIRO DA VÁRZEA
121,AM,COARI
122,AM,CODAJÁS
123,AM,EIRUNEPÉ
124,AM,ENVIRA
125,AM,FONTE BOA
126,AM,GUAJARÁ
127,AM,HUMAITÁ
128,AM,IPIXUNA
129,AM,IRANDUBA
130,AM,ITACOATIARA
131,AM,ITAMARATI
132,AM,ITAPIRANGA
133,AM,JAPURÁ
134,AM,JURUÁ
135,AM,JUTAÍ
136,AM,LÁBREA
137,AM,MANACAPURU
138,AM,MANAQUIRI
139,AM,MANAUS
140,AM,MANICORÉ
141,AM,MARAÃ
142,AM,MAUÉS
143,AM,NHAMUNDÁ
144,AM,NOVA OLINDA DO NORTE
145,AM,NOVO AIRÃO
146,AM,NOVO ARIPUANÃ
147,AM,PARINTINS
148,AM,PAUINI
149,AM,PRESIDENTE FIGUEIREDO
150,AM,RIO PRETO DA EVA
151,AM,SANTA ISABEL DO RIO NEGRO
152,AM,SANTO ANTÔNIO DO IÇÁ
153,AM,SILVES
154,AM,SÃO GABRIEL DA CACHOEIRA
155,AM,SÃO PAULO DE OLIVENÇA
156,AM,SÃO SEBASTIÃO DO UATUMÃ
157,AM,TABATINGA
158,AM,TAPAUÁ
159,AM,TEFÉ
160,AM,TONANTINS
161,AM,UARINI
162,AM,URUCARÁ
163,AM,URUCURITUBA
164,AP,AMAPÁ
165,AP,CALÇOENE
166,AP,CUTIAS
167,AP,FERREIRA GOMES
168,AP,ITAUBAL
169,AP,LARANJAL DO JARI
170,AP,MACAPÁ
171,AP,MAZAGÃO
172,AP,OIAPOQUE
173,AP,PEDRA BRANCA DO AMAPARI
174,AP,PORTO GRANDE
175,AP,PRACUÚBA
176,AP,SANTANA
177,AP,SERRA DO NAVIO
178,AP,TARTARUGALZINHO
179,AP,VITÓRIA DO JARI
180,BA,ABARÉ
181,BA,ABAÍRA
182,BA,ACAJUTIBA
183,BA,ADUSTINA
184,BA,AIQUARA
185,BA,ALAGOINHAS
186,BA,ALCOBAÇA
187,BA,ALMADINA
188,BA,AMARGOSA
189,BA,AMÉLIA RODRIGUES
190,BA,AMÉRICA DOURADA
191,BA,ANAGÉ
192,BA,ANDARAÍ
193,BA,ANGICAL
194,BA,ANTAS
195,BA,ANTÔNIO CARDOSO
196,BA,ANTÔNIO GONÇALVES
197,BA,APORÁ
198,BA,APUAREMA
199,BA,ARACATU
200,BA,ARACI
201,BA,ARATUÍPE
202,BA,AURELINO LEAL
203,BA,BAIXA GRANDE
204,BA,BANZAÊ
205,BA,BARRA
206,BA,BARRA DA ESTIVA
207,BA,BARRA DO CHOÇA
208,BA,BARRA DO MENDES
209,BA,BARRA DO ROCHA
210,BA,BARREIRAS
211,BA,BARRO ALTO
212,BA,BARRO PRETO
213,BA,BARROCAS
214,BA,BELMONTE
215,BA,BELO CAMPO
216,BA,BIRITINGA
217,BA,BOA NOVA
218,BA,BOA VISTA DO TUPIM
219,BA,BOM JESUS DA LAPA
220,BA,BOM JESUS DA SERRA
221,BA,BONINAL
222,BA,BONITO
223,BA,BOQUIRA
224,BA,BOTUPORÃ
225,BA,BREJOLÂNDIA
226,BA,BREJÕES
227,BA,BROTAS DE MACAÚBAS
228,BA,BRUMADO
229,BA,BUERAREMA
230,BA,BURITIRAMA
231,BA,CAATIBA
232,BA,CABACEIRAS DO PARAGUAÇU
233,BA,CACHOEIRA
234,BA,CACULÉ
235,BA,CAETANOS
236,BA,CAETITÉ
237,BA,CAFARNAUM
238,BA,CAIRU
239,BA,CALDEIRÃO GRANDE
240,BA,CAMACAN
241,BA,CAMAMU
242,BA,CAMAÇARI
243,BA,CAMPO ALEGRE DE LOURDES
244,BA,CAMPO FORMOSO
245,BA,CANARANA
246,BA,CANAVIEIRAS
247,BA,CANDEIAS
248,BA,CANDIBA
249,BA,CANSANÇÃO
250,BA,CANUDOS
251,BA,CAPELA DO ALTO ALEGRE
252,BA,CAPIM GROSSO
253,BA,CARAVELAS
254,BA,CARAÍBAS
255,BA,CARINHANHA
256,BA,CASA NOVA
257,BA,CASTRO ALVES
258,BA,CATU
259,BA,CAÉM
260,BA,CENTRAL
261,BA,CHORROCHÓ
262,BA,CIPÓ
263,BA,COARACI
264,BA,COCOS
265,BA,CONCEIÇÃO DA FEIRA
266,BA,CONCEIÇÃO DO ALMEIDA
267,BA,CONCEIÇÃO DO COITÉ
268,BA,CONCEIÇÃO DO JACUÍPE
269,BA,CONDE
270,BA,CONDEÚBA
271,BA,CORAÇÃO DE MARIA
272,BA,CORDEIROS
273,BA,CORIBE
274,BA,CORONEL JOÃO SÁ
275,BA,CORRENTINA
276,BA,COTEGIPE
277,BA,CRISTÓPOLIS
278,BA,CRISÓPOLIS
279,BA,CRUZ DAS ALMAS
280,BA,CURAÇÁ
281,BA,CÂNDIDO SALES
282,BA,CÍCERO DANTAS
283,BA,DIAS D´ÁVILA
284,BA,DOM BASÍLIO
285,BA,DÁRIO MEIRA
286,BA,ELÍSIO MEDRADO
287,BA,ENCRUZILHADA
288,BA,ENTRE RIOS
289,BA,ESPLANADA
290,BA,EUCLIDES DA CUNHA
291,BA,EUNÁPOLIS
292,BA,FEIRA DE SANTANA
293,BA,FILADÉLFIA
294,BA,FLORESTA AZUL
295,BA,FORMOSA DO RIO PRETO
296,BA,FÁTIMA
297,BA,GANDU
298,BA,GENTIO DO OURO
299,BA,GLÓRIA
300,BA,GONGOGI
301,BA,GOVERNADOR MANGABEIRA
302,BA,GUAJERU
303,BA,GUANAMBI
304,BA,GUARATINGA
305,BA,HELIÓPOLIS
306,BA,IAÇU
307,BA,IBIASSUCÊ
308,BA,IBICARAÍ
309,BA,IBICOARA
310,BA,IBICUÍ
311,BA,IBIPITANGA
312,BA,IBIQUERA
313,BA,IBIRAPITANGA
314,BA,IBIRATAIA
315,BA,IBITIARA
316,BA,IBITITÁ
317,BA,IBOTIRAMA
318,BA,ICHU
319,BA,IGAPORÃ
320,BA,IGRAPIÚNA
321,BA,IGUAÍ
322,BA,ILHÉUS
323,BA,INHAMBUPE
324,BA,IPECAETÁ
325,BA,IPIAÚ
326,BA,IPIRÁ
327,BA,IPUPIARA
328,BA,IRAMAIA
329,BA,IRAQUARA
330,BA,IRARÁ
331,BA,IRECÊ
332,BA,ITABELA
333,BA,ITABERABA
334,BA,ITABUNA
335,BA,ITACARÉ
336,BA,ITAETÉ
337,BA,ITAGI
338,BA,ITAGIBÁ
339,BA,ITAGUAÇU DA BAHIA
340,BA,ITAJU DO COLÔNIA
341,BA,ITAJUÍPE
342,BA,ITAMARAJU
343,BA,ITAMARI
344,BA,ITAMBÉ
345,BA,ITANHÉM
346,BA,ITAPARICA
347,BA,ITAPETINGA
348,BA,ITAPICURU
349,BA,ITAPÉ
350,BA,ITAQUARA
351,BA,ITARANTIM
352,BA,ITATIM
353,BA,ITIRUÇU
354,BA,ITIÚBA
355,BA,ITORORÓ
356,BA,ITUAÇU
357,BA,ITUBERÁ
358,BA,IUIÚ
359,BA,JACARACI
360,BA,JACOBINA
361,BA,JAGUAQUARA
362,BA,JAGUARARI
363,BA,JANDAÍRA
364,BA,JEQUIÉ
365,BA,JEREMOABO
366,BA,JITAÚNA
367,BA,JOÃO DOURADO
368,BA,JUAZEIRO
369,BA,JUCURUÇU
370,BA,JUSSARA
371,BA,JUSSARI
372,BA,JUSSIAPE
373,BA,LAGOA REAL
374,BA,LAJE
375,BA,LAJEDINHO
376,BA,LAJEDO DO TABOCAL
377,BA,LAPÃO
378,BA,LAURO DE FREITAS
379,BA,LENÇÓIS
380,BA,LICÍNIO DE ALMEIDA
381,BA,LIVRAMENTO DE NOSSA SENHORA
382,BA,LUÍS EDUARDO MAGALHÃES
383,BA,MACAJUBA
384,BA,MACARANI
385,BA,MACAÚBAS
386,BA,MACURURÉ
387,BA,MADRE DE DEUS
388,BA,MAIQUINIQUE
389,BA,MAIRI
390,BA,MALHADA
391,BA,MALHADA DE PEDRAS
392,BA,MANOEL VITORINO
393,BA,MANSIDÃO
394,BA,MARACÁS
395,BA,MARAGOGIPE
396,BA,MARAÚ
397,BA,MARCIONÍLIO SOUZA
398,BA,MASCOTE
399,BA,MATA DE SÃO JOÃO
400,BA,MATINA
401,BA,MEDEIROS NETO
402,BA,MIGUEL CALMON
403,BA,MILAGRES
404,BA,MIRANGABA
405,BA,MIRANTE
406,BA,MONTE SANTO
407,BA,MORPARÁ
408,BA,MORRO DO CHAPÉU
409,BA,MORTUGABA
410,BA,MUCUGÊ
411,BA,MUCURI
412,BA,MULUNGU DO MORRO
413,BA,MUNDO NOVO
414,BA,MUNIZ FERREIRA
415,BA,MUQUÉM DE SÃO FRANCISCO
416,BA,MURITIBA
417,BA,MUTUÍPE
418,BA,NAZARÉ
419,BA,NILO PEÇANHA
420,BA,NORDESTINA
421,BA,NOVA CANAÃ
422,BA,NOVA FÁTIMA
423,BA,NOVA ITARANA
424,BA,NOVA REDENÇÃO
425,BA,NOVA SOURE
426,BA,NOVA VIÇOSA
427,BA,NOVO HORIZONTE
428,BA,OLINDINA
429,BA,OLIVEIRA DOS BREJINHOS
430,BA,OUROLÂNDIA
431,BA,PALMAS DE MONTE ALTO
432,BA,PALMEIRAS
433,BA,PARAMIRIM
434,BA,PARATINGA
435,BA,PARIPIRANGA
436,BA,PAU BRASIL
437,BA,PAULO AFONSO
438,BA,PEDRO ALEXANDRE
439,BA,PIATÃ
440,BA,PILÃO ARCADO
441,BA,PINDAÍ
442,BA,PINDOBAÇU
443,BA,PINTADAS
444,BA,PIRAÍ DO NORTE
445,BA,PIRITIBA
446,BA,PLANALTINO
447,BA,PLANALTO
448,BA,POJUCA
449,BA,PONTO NOVO
450,BA,PORTO SEGURO
451,BA,POTIRAGUÁ
452,BA,POÇÕES
453,BA,PRADO
454,BA,PRESIDENTE DUTRA
455,BA,PRESIDENTE JÂNIO QUADROS
456,BA,PRESIDENTE TANCREDO NEVES
457,BA,QUEIMADAS
458,BA,QUIJINGUE
459,BA,QUIXABEIRA
460,BA,RAFAEL JAMBEIRO
461,BA,REMANSO
462,BA,RETIROLÂNDIA
463,BA,RIACHO DE SANTANA
464,BA,RIACHÃO DAS NEVES
465,BA,RIACHÃO DO JACUÍPE
466,BA,RIBEIRA DO AMPARO
467,BA,RIBEIRA DO POMBAL
468,BA,RIBEIRÃO DO LARGO
469,BA,RIO DE CONTAS
470,BA,RIO DO ANTÔNIO
471,BA,RIO DO PIRES
472,BA,RIO REAL
473,BA,RODELAS
474,BA,RUY BARBOSA
475,BA,SALINAS DA MARGARIDA
476,BA,SALVADOR
477,BA,SANTA BRÍGIDA
478,BA,SANTA BÁRBARA
479,BA,SANTA CRUZ CABRÁLIA
480,BA,SANTA CRUZ DA VITÓRIA
481,BA,SANTA INÊS
482,BA,SANTA LUZIA
483,BA,SANTA MARIA DA VITÓRIA
484,BA,SANTA RITA DE CÁSSIA
485,BA,SANTA TERESINHA
486,BA,SANTALUZ
487,BA,SANTANA
488,BA,SANTO AMARO
489,BA,SANTO ANTÔNIO DE JESUS
490,BA,SANTO ESTÊVÃO
491,BA,SAPEAÇU
492,BA,SAUBARA
493,BA,SAÚDE
494,BA,SEABRA
495,BA,SEBASTIÃO LARANJEIRAS
496,BA,SENHOR DO BONFIM
497,BA,SENTO SÉ
498,BA,SERRA DO RAMALHO
499,BA,SERRA DOURADA
500,BA,SERRA PRETA
501,BA,SERRINHA
502,BA,SERROLÂNDIA
503,BA,SIMÕES FILHO
504,BA,SOBRADINHO
505,BA,SOUTO SOARES
506,BA,SÁTIRO DIAS
507,BA,SÃO DESIDÉRIO
508,BA,SÃO FELIPE
509,BA,SÃO FRANCISCO DO CONDE
510,BA,SÃO FÉLIX
511,BA,SÃO FÉLIX DO CORIBE
512,BA,SÃO GABRIEL
513,BA,SÃO GONÇALO DOS CAMPOS
514,BA,SÃO MIGUEL DAS MATAS
515,BA,SÃO SEBASTIÃO DO PASSÉ
516,BA,SÍTIO DO MATO
517,BA,SÍTIO DO QUINTO
518,BA,TABOCAS DO BREJO VELHO
519,BA,TANHAÇU
520,BA,TANQUE NOVO
521,BA,TANQUINHO
522,BA,TAPEROÁ
523,BA,TAPIRAMUTÁ
524,BA,TEIXEIRA DE FREITAS
525,BA,TEODORO SAMPAIO
526,BA,TEOFILÂNDIA
527,BA,TEOLÂNDIA
528,BA,TERRA NOVA
529,BA,TUCANO
530,BA,UAUÁ
531,BA,UBAITABA
532,BA,UBATÃ
533,BA,UBAÍRA
534,BA,UIBAÍ
535,BA,UMBURANAS
536,BA,UNA
537,BA,URANDI
538,BA,URUÇUCA
539,BA,UTINGA
540,BA,VALENTE
541,BA,VALENÇA
542,BA,VERA CRUZ
543,BA,VITÓRIA DA CONQUISTA
544,BA,VÁRZEA DA ROÇA
545,BA,VÁRZEA DO POÇO
546,BA,VÁRZEA NOVA
547,BA,WAGNER
548,BA,WANDERLEY
549,BA,WENCESLAU GUIMARÃES
550,BA,XIQUE-XIQUE
551,BA,ÉRICO CARDOSO
552,CE,ACARAPE
553,CE,ACARAÚ
554,CE,ACOPIARA
555,CE,AIUABA
556,CE,ALCÂNTARAS
557,CE,ALTANEIRA
558,CE,ALTO SANTO
559,CE,AMONTADA
560,CE,ANTONINA DO NORTE
561,CE,APUIARÉS
562,CE,AQUIRAZ
563,CE,ARACATI
564,CE,ARACOIABA
565,CE,ARARENDÁ
566,CE,ARARIPE
567,CE,ARATUBA
568,CE,ARNEIROZ
569,CE,ASSARÉ
570,CE,AURORA
571,CE,BAIXIO
572,CE,BANABUIÚ
573,CE,BARBALHA
574,CE,BARREIRA
575,CE,BARRO
576,CE,BARROQUINHA
577,CE,BATURITÉ
578,CE,BEBERIBE
579,CE,BELA CRUZ
580,CE,BOA VIAGEM
581,CE,BREJO SANTO
582,CE,CAMOCIM
583,CE,CAMPOS SALES
584,CE,CANINDÉ
585,CE,CAPISTRANO
586,CE,CARIDADE
587,CE,CARIRIAÇU
588,CE,CARIRÉ
589,CE,CARIÚS
590,CE,CARNAUBAL
591,CE,CASCAVEL
592,CE,CATARINA
593,CE,CAUCAIA
594,CE,CEDRO
595,CE,CHAVAL
596,CE,CHOROZINHO
597,CE,CHORÓ
598,CE,COREAÚ
599,CE,CRATEÚS
600,CE,CRATO
601,CE,CROATÁ
602,CE,CRUZ
603,CE,EUSÉBIO
604,CE,FARIAS BRITO
605,CE,FORQUILHA
606,CE,FORTALEZA
607,CE,FORTIM
608,CE,FRECHEIRINHA
609,CE,GRANJA
610,CE,GROAÍRAS
611,CE,GUAIÚBA
612,CE,GUARACIABA DO NORTE
613,CE,HIDROLÂNDIA
614,CE,HORIZONTE
615,CE,IBARETAMA
616,CE,IBIAPINA
617,CE,IBICUITINGA
618,CE,ICAPUÍ
619,CE,ICÓ
620,CE,IGUATU
621,CE,INDEPENDÊNCIA
622,CE,IPAPORANGA
623,CE,IPAUMIRIM
624,CE,IPU
625,CE,IPUEIRAS
626,CE,IRACEMA
627,CE,IRAUÇUBA
628,CE,ITAITINGA
629,CE,ITAPAGÉ
630,CE,ITAPIPOCA
631,CE,ITAREMA
632,CE,ITATIRA
633,CE,JAGUARETAMA
634,CE,JAGUARIBARA
635,CE,JAGUARIBE
636,CE,JAGUARUANA
637,CE,JARDIM
638,CE,JATI
639,CE,JIJOCA DE JERICOACOARA
640,CE,JUAZEIRO DO NORTE
641,CE,JUCÁS
642,CE,LAVRAS DA MANGABEIRA
643,CE,LIMOEIRO DO NORTE
644,CE,MADALENA
645,CE,MARACANAÚ
646,CE,MARANGUAPE
647,CE,MARCO
648,CE,MARTINÓPOLE
649,CE,MASSAPÊ
650,CE,MAURITI
651,CE,MERUOCA
652,CE,MILAGRES
653,CE,MILHÃ
654,CE,MIRAÍMA
655,CE,MISSÃO VELHA
656,CE,MOMBAÇA
657,CE,MONSENHOR TABOSA
658,CE,MORADA NOVA
659,CE,MORAÚJO
660,CE,MORRINHOS
661,CE,MUCAMBO
662,CE,MULUNGU
663,CE,NOVA OLINDA
664,CE,NOVA RUSSAS
665,CE,NOVO ORIENTE
666,CE,OCARA
667,CE,ORÓS
668,CE,PACAJUS
669,CE,PACATUBA
670,CE,PACOTI
671,CE,PACUJÁ
672,CE,PALHANO
673,CE,PALMÁCIA
674,CE,PARACURU
675,CE,PARAIPABA
676,CE,PARAMBU
677,CE,PARAMOTI
678,CE,PEDRA BRANCA
679,CE,PENTECOSTE
680,CE,PEREIRO
681,CE,PINDORETAMA
682,CE,PIQUET CARNEIRO
683,CE,PORANGA
684,CE,PORTEIRAS
685,CE,POTENGI
686,CE,QUITERIANÓPOLIS
687,CE,QUIXADÁ
688,CE,QUIXELÔ
689,CE,QUIXERAMOBIM
690,CE,QUIXERÉ
691,CE,REDENÇÃO
692,CE,RERIUTABA
693,CE,RUSSAS
694,CE,SABOEIRO
695,CE,SALITRE
696,CE,SANTA QUITÉRIA
697,CE,SANTANA DO ACARAÚ
698,CE,SANTANA DO CARIRI
699,CE,SENADOR POMPEU
700,CE,SOBRAL
701,CE,SOLONÓPOLE
702,CE,SÃO BENEDITO
703,CE,SÃO GONÇALO DO AMARANTE
704,CE,SÃO LUÍS DO CURU
705,CE,TABULEIRO DO NORTE
706,CE,TAMBORIL
707,CE,TAUÁ
708,CE,TEJUÇUOCA
709,CE,TIANGUÁ
710,CE,TRAIRI
711,CE,TURURU
712,CE,UBAJARA
713,CE,UMARI
714,CE,UMIRIM
715,CE,URUBURETAMA
716,CE,VARJOTA
717,CE,VIÇOSA DO CEARÁ
718,CE,VÁRZEA ALEGRE
719,DF,BRASÍLIA
720,ES,AFONSO CLÁUDIO
721,ES,ALEGRE
722,ES,ALFREDO CHAVES
723,ES,ANCHIETA
724,ES,APIACÁ
725,ES,ARACRUZ
726,ES,ATILIO VIVACQUA
727,ES,BAIXO GUANDU
728,ES,BARRA DE SÃO FRANCISCO
729,ES,BOA ESPERANÇA
730,ES,BOM JESUS DO NORTE
731,ES,BREJETUBA
732,ES,CACHOEIRO DE ITAPEMIRIM
733,ES,CARIACICA
734,ES,CASTELO
735,ES,COLATINA
736,ES,CONCEIÇÃO DA BARRA
737,ES,CONCEIÇÃO DO CASTELO
738,ES,DIVINO DE SÃO LOURENÇO
739,ES,DOMINGOS MARTINS
740,ES,DORES DO RIO PRETO
741,ES,ECOPORANGA
742,ES,FUNDÃO
743,ES,GOVERNADOR LINDENBERG
744,ES,GUARAPARI
745,ES,GUAÇUÍ
746,ES,IBATIBA
747,ES,IBIRAÇU
748,ES,IBITIRAMA
749,ES,ICONHA
750,ES,IRUPI
751,ES,ITAGUAÇU
752,ES,ITAPEMIRIM
753,ES,ITARANA
754,ES,IÚNA
755,ES,JAGUARÉ
756,ES,JERÔNIMO MONTEIRO
757,ES,JOÃO NEIVA
758,ES,LARANJA DA TERRA
759,ES,LINHARES
760,ES,MANTENÓPOLIS
761,ES,MARATAÍZES
762,ES,MARECHAL FLORIANO
763,ES,MARILÂNDIA
764,ES,MIMOSO DO SUL
765,ES,MONTANHA
766,ES,MUCURICI
767,ES,MUNIZ FREIRE
768,ES,MUQUI
769,ES,NOVA VENÉCIA
770,ES,PANCAS
771,ES,PEDRO CANÁRIO
772,ES,PINHEIROS
773,ES,PIÚMA
774,ES,PONTO BELO
775,ES,PRESIDENTE KENNEDY
776,ES,RIO BANANAL
777,ES,RIO NOVO DO SUL
778,ES,SANTA LEOPOLDINA
779,ES,SANTA MARIA DE JETIBÁ
780,ES,SANTA TERESA
781,ES,SERRA
782,ES,SOORETAMA
783,ES,SÃO DOMINGOS DO NORTE
784,ES,SÃO GABRIEL DA PALHA
785,ES,SÃO JOSÉ DO CALÇADO
786,ES,SÃO MATEUS
787,ES,SÃO ROQUE DO CANAÃ
788,ES,VARGEM ALTA
789,ES,VENDA NOVA DO IMIGRANTE
790,ES,VIANA
791,ES,VILA PAVÃO
792,ES,VILA VALÉRIO
793,ES,VILA VELHA
794,ES,VITÓRIA
795,ES,ÁGUA DOCE DO NORTE
796,ES,ÁGUIA BRANCA
797,GO,ABADIA DE GOIÁS
798,GO,ABADIÂNIA
799,GO,ACREÚNA
800,GO,ALEXÂNIA
801,GO,ALOÂNDIA
802,GO,ALTO HORIZONTE
803,GO,ALTO PARAÍSO DE GOIÁS
804,GO,AMARALINA
805,GO,ANICUNS
806,GO,ANÁPOLIS
807,GO,APARECIDA DE GOIÂNIA
808,GO,ARAGARÇAS
809,GO,ARAGOIÂNIA
810,GO,ARAGUAPAZ
811,GO,ARUANÃ
812,GO,BARRO ALTO
813,GO,BELA VISTA DE GOIÁS
814,GO,BOM JESUS DE GOIÁS
815,GO,BONÓPOLIS
816,GO,BRITÂNIA
817,GO,BURITI ALEGRE
818,GO,CABECEIRAS
819,GO,CACHOEIRA ALTA
820,GO,CAIAPÔNIA
821,GO,CALDAS NOVAS
822,GO,CALDAZINHA
823,GO,CAMPINORTE
824,GO,CAMPO LIMPO DE GOIÁS
825,GO,CAMPOS BELOS
826,GO,CAMPOS VERDES
827,GO,CARMO DO RIO VERDE
828,GO,CASTELÂNDIA
829,GO,CATALÃO
830,GO,CAVALCANTE
831,GO,CAÇU
832,GO,CERES
833,GO,CEZARINA
834,GO,CHAPADÃO DO CÉU
835,GO,CIDADE OCIDENTAL
836,GO,COCALZINHO DE GOIÁS
837,GO,COLINAS DO SUL
838,GO,CORUMBAÍBA
839,GO,CORUMBÁ DE GOIÁS
840,GO,CRISTALINA
841,GO,CRISTIANÓPOLIS
842,GO,CRIXÁS
843,GO,DAMIANÓPOLIS
844,GO,DIVINÓPOLIS DE GOIÁS
845,GO,DOVERLÂNDIA
846,GO,EDÉIA
847,GO,FAINA
848,GO,FIRMINÓPOLIS
849,GO,FLORES DE GOIÁS
850,GO,FORMOSA
851,GO,GOIANIRA
852,GO,GOIANÁPOLIS
853,GO,GOIANÉSIA
854,GO,GOIATUBA
855,GO,GOIÁS
856,GO,GOIÂNIA
857,GO,GUAPÓ
858,GO,GUARANI DE GOIÁS
859,GO,HEITORAÍ
860,GO,HIDROLÂNDIA
861,GO,IACIARA
862,GO,INDIARA
863,GO,INHUMAS
864,GO,IPAMERI
865,GO,IPORÁ
866,GO,ISRAELÂNDIA
867,GO,ITABERAÍ
868,GO,ITAPACI
869,GO,ITAPURANGA
870,GO,ITAUÇU
871,GO,ITUMBIARA
872,GO,JANDAIA
873,GO,JARAGUÁ
874,GO,JATAÍ
875,GO,JUSSARA
876,GO,LUZIÂNIA
877,GO,MAIRIPOTABA
878,GO,MAMBAÍ
879,GO,MARA ROSA
880,GO,MAURILÂNDIA
881,GO,MINAÇU
882,GO,MINEIROS
883,GO,MONTES CLAROS DE GOIÁS
884,GO,MONTIVIDIU
885,GO,MORRINHOS
886,GO,MOSSÂMEDES
887,GO,MOZARLÂNDIA
888,GO,MUNDO NOVO
889,GO,MUTUNÓPOLIS
890,GO,NAZÁRIO
891,GO,NERÓPOLIS
892,GO,NIQUELÂNDIA
893,GO,NOVA CRIXÁS
894,GO,NOVA GLÓRIA
895,GO,NOVA VENEZA
896,GO,NOVO GAMA
897,GO,NOVO PLANALTO
898,GO,ORIZONA
899,GO,PADRE BERNARDO
900,GO,PALMEIRAS DE GOIÁS
901,GO,PANAMÁ
902,GO,PARANAIGUARA
903,GO,PARAÚNA
904,GO,PETROLINA DE GOIÁS
905,GO,PIRACANJUBA
906,GO,PIRANHAS
907,GO,PIRENÓPOLIS
908,GO,PIRES DO RIO
909,GO,PLANALTINA
910,GO,PONTALINA
911,GO,PORANGATU
912,GO,PORTEIRÃO
913,GO,POSSE
914,GO,QUIRINÓPOLIS
915,GO,RIALMA
916,GO,RIO QUENTE
917,GO,RIO VERDE
918,GO,RUBIATABA
919,GO,SANCLERLÂNDIA
920,GO,SANTA CRUZ DE GOIÁS
921,GO,SANTA HELENA DE GOIÁS
922,GO,SANTA TEREZINHA DE GOIÁS
923,GO,SANTO ANTÔNIO DO DESCOBERTO
924,GO,SENADOR CANEDO
925,GO,SILVÂNIA
926,GO,SIMOLÂNDIA
927,GO,SÃO DOMINGOS
928,GO,SÃO JOÃO D´ALIANÇA
929,GO,SÃO LUÍS DE MONTES BELOS
930,GO,SÃO MIGUEL DO ARAGUAIA
931,GO,SÃO MIGUEL DO PASSA QUATRO
932,GO,SÃO SIMÃO
933,GO,SÍTIO D´ABADIA
934,GO,TERESINA DE GOIÁS
935,GO,TRINDADE
936,GO,TURVELÂNDIA
937,GO,URUANA
938,GO,URUAÇU
939,GO,URUTAÍ
940,GO,VALPARAÍSO DE GOIÁS
941,GO,VIANÓPOLIS
942,GO,VICENTINÓPOLIS
943,GO,ÁGUAS LINDAS DE GOIÁS
944,MA,AFONSO CUNHA
945,MA,ALCÂNTARA
946,MA,ALDEIAS ALTAS
947,MA,ALTAMIRA DO MARANHÃO
948,MA,ALTO ALEGRE DO MARANHÃO
949,MA,ALTO ALEGRE DO PINDARÉ
950,MA,ALTO PARNAÍBA
951,MA,AMARANTE DO MARANHÃO
952,MA,ANAJATUBA
953,MA,ANAPURUS
954,MA,APICUM-AÇU
955,MA,ARAGUANÃ
956,MA,ARAIOSES
957,MA,ARAME
958,MA,ARARI
959,MA,AXIXÁ
960,MA,AÇAILÂNDIA
961,MA,BACABAL
962,MA,BACABEIRA
963,MA,BACURI
964,MA,BALSAS
965,MA,BARRA DO CORDA
966,MA,BARREIRINHAS
967,MA,BELA VISTA DO MARANHÃO
968,MA,BELÁGUA
969,MA,BENEDITO LEITE
970,MA,BEQUIMÃO
971,MA,BOA VISTA DO GURUPI
972,MA,BOM JARDIM
973,MA,BOM JESUS DAS SELVAS
974,MA,BOM LUGAR
975,MA,BREJO
976,MA,BREJO DE AREIA
977,MA,BURITI
978,MA,BURITI BRAVO
979,MA,BURITICUPU
980,MA,CACHOEIRA GRANDE
981,MA,CAJARI
982,MA,CAMPESTRE DO MARANHÃO
983,MA,CANTANHEDE
984,MA,CAPINZAL DO NORTE
985,MA,CAROLINA
986,MA,CARUTAPERA
987,MA,CAXIAS
988,MA,CENTRAL DO MARANHÃO
989,MA,CENTRO DO GUILHERME
990,MA,CENTRO NOVO DO MARANHÃO
991,MA,CHAPADINHA
992,MA,CIDELÂNDIA
993,MA,CODÓ
994,MA,COELHO NETO
995,MA,COLINAS
996,MA,CONCEIÇÃO DO LAGO-AÇU
997,MA,COROATÁ
998,MA,CURURUPU
999,MA,CÂNDIDO MENDES
1000,MA,DAVINÓPOLIS
1001,MA,DOM PEDRO
1002,MA,ESPERANTINÓPOLIS
1003,MA,ESTREITO
1004,MA,FORMOSA DA SERRA NEGRA
1005,MA,FORTALEZA DOS NOGUEIRAS
1006,MA,FORTUNA
1007,MA,GONÇALVES DIAS
1008,MA,GOVERNADOR ARCHER
1009,MA,GOVERNADOR EDISON LOBÃO
1010,MA,GOVERNADOR NEWTON BELLO
1011,MA,GOVERNADOR NUNES FREIRE
1012,MA,GRAJAÚ
1013,MA,GUIMARÃES
1014,MA,HUMBERTO DE CAMPOS
1015,MA,ICATU
1016,MA,IGARAPÉ DO MEIO
1017,MA,IGARAPÉ GRANDE
1018,MA,IMPERATRIZ
1019,MA,ITAIPAVA DO GRAJAÚ
1020,MA,ITAPECURU MIRIM
1021,MA,ITINGA DO MARANHÃO
1022,MA,JOSELÂNDIA
1023,MA,JOÃO LISBOA
1024,MA,LAGO DA PEDRA
1025,MA,LAGO DO JUNCO
1026,MA,LAGO VERDE
1027,MA,LAGOA DO MATO
1028,MA,LAGOA GRANDE DO MARANHÃO
1029,MA,LAJEADO NOVO
1030,MA,LIMA CAMPOS
1031,MA,LORETO
1032,MA,LUÍS DOMINGUES
1033,MA,MAGALHÃES DE ALMEIDA
1034,MA,MARACAÇUMÉ
1035,MA,MARANHÃOZINHO
1036,MA,MATA ROMA
1037,MA,MATINHA
1038,MA,MATÕES
1039,MA,MATÕES DO NORTE
1040,MA,MIRADOR
1041,MA,MIRANDA DO NORTE
1042,MA,MIRINZAL
1043,MA,MONÇÃO
1044,MA,MORROS
1045,MA,NINA RODRIGUES
1046,MA,NOVA OLINDA DO MARANHÃO
1047,MA,OLHO D´ÁGUA DAS CUNHÃS
1048,MA,OLINDA NOVA DO MARANHÃO
1049,MA,PALMEIRÂNDIA
1050,MA,PARAIBANO
1051,MA,PARNARAMA
1052,MA,PASSAGEM FRANCA
1053,MA,PASTOS BONS
1054,MA,PAULINO NEVES
1055,MA,PAULO RAMOS
1056,MA,PAÇO DO LUMIAR
1057,MA,PEDREIRAS
1058,MA,PEDRO DO ROSÁRIO
1059,MA,PENALVA
1060,MA,PERI MIRIM
1061,MA,PERITORÓ
1062,MA,PINDARÉ-MIRIM
1063,MA,PINHEIRO
1064,MA,PIO XII
1065,MA,PIRAPEMAS
1066,MA,PORTO FRANCO
1067,MA,POÇÃO DE PEDRAS
1068,MA,PRESIDENTE DUTRA
1069,MA,PRESIDENTE JUSCELINO
1070,MA,PRESIDENTE MÉDICI
1071,MA,PRESIDENTE SARNEY
1072,MA,PRESIDENTE VARGAS
1073,MA,PRIMEIRA CRUZ
1074,MA,RAPOSA
1075,MA,RIACHÃO
1076,MA,RIBAMAR FIQUENE
1077,MA,ROSÁRIO
1078,MA,SANTA HELENA
1079,MA,SANTA INÊS
1080,MA,SANTA LUZIA
1081,MA,SANTA LUZIA DO PARUÁ
1082,MA,SANTA QUITÉRIA DO MARANHÃO
1083,MA,SANTA RITA
1084,MA,SANTANA DO MARANHÃO
1085,MA,SANTO AMARO DO MARANHÃO
1086,MA,SANTO ANTÔNIO DOS LOPES
1087,MA,SATUBINHA
1088,MA,SENADOR LA ROCQUE
1089,MA,SERRANO DO MARANHÃO
1090,MA,SUCUPIRA DO RIACHÃO
1091,MA,SÃO BENEDITO DO RIO PRETO
1092,MA,SÃO BENTO
1093,MA,SÃO BERNARDO
1094,MA,SÃO DOMINGOS DO AZEITÃO
1095,MA,SÃO DOMINGOS DO MARANHÃO
1096,MA,SÃO FRANCISCO DO BREJÃO
1097,MA,SÃO FRANCISCO DO MARANHÃO
1098,MA,SÃO JOSÉ DE RIBAMAR
1099,MA,SÃO JOÃO BATISTA
1100,MA,SÃO JOÃO DO CARÚ
1101,MA,SÃO JOÃO DO PARAÍSO
1102,MA,SÃO JOÃO DO SOTER
1103,MA,SÃO JOÃO DOS PATOS
1104,MA,SÃO LUÍS
1105,MA,SÃO LUÍS GONZAGA DO MARANHÃO
1106,MA,SÃO MATEUS DO MARANHÃO
1107,MA,SÃO PEDRO DA ÁGUA BRANCA
1108,MA,SÃO RAIMUNDO DAS MANGABEIRAS
1109,MA,SÃO RAIMUNDO DO DOCA BEZERRA
1110,MA,SÃO VICENTE FERRER
1111,MA,SÍTIO NOVO
1112,MA,TASSO FRAGOSO
1113,MA,TIMBIRAS
1114,MA,TIMON
1115,MA,TRIZIDELA DO VALE
1116,MA,TUNTUM
1117,MA,TURIAÇU
1118,MA,TURILÂNDIA
1119,MA,TUTÓIA
1120,MA,URBANO SANTOS
1121,MA,VARGEM GRANDE
1122,MA,VIANA
1123,MA,VILA NOVA DOS MARTÍRIOS
1124,MA,VITORINO FREIRE
1125,MA,VITÓRIA DO MEARIM
1126,MA,ZÉ DOCA
1127,MA,ÁGUA DOCE DO MARANHÃO
1128,MG,ABADIA DOS DOURADOS
1129,MG,ABAETÉ
1130,MG,ABRE CAMPO
1131,MG,AIMORÉS
1132,MG,ALAGOA
1133,MG,ALBERTINA
1134,MG,ALFENAS
1135,MG,ALMENARA
1136,MG,ALPERCATA
1137,MG,ALPINÓPOLIS
1138,MG,ALTEROSA
1139,MG,ALTO CAPARAÓ
1140,MG,ALTO RIO DOCE
1141,MG,ALVARENGA
1142,MG,ALVINÓPOLIS
1143,MG,ALVORADA DE MINAS
1144,MG,ALÉM PARAÍBA
1145,MG,ANDRADAS
1146,MG,ANDRELÂNDIA
1147,MG,ANGELÂNDIA
1148,MG,ANTÔNIO CARLOS
1149,MG,ANTÔNIO DIAS
1150,MG,ARAGUARI
1151,MG,ARANTINA
1152,MG,ARAPORÃ
1153,MG,ARAXÁ
1154,MG,ARAÇUAÍ
1155,MG,ARAÚJOS
1156,MG,ARCEBURGO
1157,MG,ARCOS
1158,MG,AREADO
1159,MG,ARGIRITA
1160,MG,ARINOS
1161,MG,ASTOLFO DUTRA
1162,MG,ATALÉIA
1163,MG,AUGUSTO DE LIMA
1164,MG,AÇUCENA
1165,MG,BAEPENDI
1166,MG,BALDIM
1167,MG,BAMBUÍ
1168,MG,BANDEIRA
1169,MG,BARBACENA
1170,MG,BARROSO
1171,MG,BARÃO DE COCAIS
1172,MG,BELMIRO BRAGA
1173,MG,BELO HORIZONTE
1174,MG,BELO ORIENTE
1175,MG,BELO VALE
1176,MG,BERILO
1177,MG,BERIZAL
1178,MG,BERTÓPOLIS
1179,MG,BETIM
1180,MG,BICAS
1181,MG,BIQUINHAS
1182,MG,BOA ESPERANÇA
1183,MG,BOCAINA DE MINAS
1184,MG,BOCAIÚVA
1185,MG,BOM DESPACHO
1186,MG,BOM JARDIM DE MINAS
1187,MG,BOM JESUS DA PENHA
1188,MG,BOM JESUS DO GALHO
1189,MG,BOM REPOUSO
1190,MG,BOM SUCESSO
1191,MG,BONFIM
1192,MG,BONFINÓPOLIS DE MINAS
1193,MG,BONITO DE MINAS
1194,MG,BORDA DA MATA
1195,MG,BOTELHOS
1196,MG,BOTUMIRIM
1197,MG,BRASILÂNDIA DE MINAS
1198,MG,BRASÍLIA DE MINAS
1199,MG,BRASÓPOLIS
1200,MG,BRAÚNAS
1201,MG,BRUMADINHO
1202,MG,BRÁS PIRES
1203,MG,BUENO BRANDÃO
1204,MG,BUENÓPOLIS
1205,MG,BURITIS
1206,MG,BURITIZEIRO
1207,MG,CABECEIRA GRANDE
1208,MG,CACHOEIRA DE MINAS
1209,MG,CAETANÓPOLIS
1210,MG,CAETÉ
1211,MG,CALDAS
1212,MG,CAMANDUCAIA
1213,MG,CAMBUQUIRA
1214,MG,CAMBUÍ
1215,MG,CAMPANHA
1216,MG,CAMPANÁRIO
1217,MG,CAMPESTRE
1218,MG,CAMPINA VERDE
1219,MG,CAMPO AZUL
1220,MG,CAMPO BELO
1221,MG,CAMPO DO MEIO
1222,MG,CAMPO FLORIDO
1223,MG,CAMPOS ALTOS
1224,MG,CAMPOS GERAIS
1225,MG,CANA VERDE
1226,MG,CANDEIAS
1227,MG,CANÁPOLIS
1228,MG,CAPARAÓ
1229,MG,CAPELA NOVA
1230,MG,CAPELINHA
1231,MG,CAPETINGA
1232,MG,CAPIM BRANCO
1233,MG,CAPINÓPOLIS
1234,MG,CAPITÃO ANDRADE
1235,MG,CAPITÃO ENÉAS
1236,MG,CAPITÓLIO
1237,MG,CAPUTIRA
1238,MG,CARANDAÍ
1239,MG,CARANGOLA
1240,MG,CARATINGA
1241,MG,CARAÍ
1242,MG,CARBONITA
1243,MG,CAREAÇU
1244,MG,CARLOS CHAGAS
1245,MG,CARMO DA CACHOEIRA
1246,MG,CARMO DA MATA
1247,MG,CARMO DE MINAS
1248,MG,CARMO DO CAJURU
1249,MG,CARMO DO PARANAÍBA
1250,MG,CARMO DO RIO CLARO
1251,MG,CARMÉSIA
1252,MG,CARMÓPOLIS DE MINAS
1253,MG,CARNEIRINHO
1254,MG,CARRANCAS
1255,MG,CARVALHOS
1256,MG,CARVALHÓPOLIS
1257,MG,CATAGUASES
1258,MG,CATAS ALTAS DA NORUEGA
1259,MG,CATUJI
1260,MG,CATUTI
1261,MG,CAXAMBU
1262,MG,CENTRAL DE MINAS
1263,MG,CENTRALINA
1264,MG,CHALÉ
1265,MG,CHAPADA DO NORTE
1266,MG,CHAPADA GAÚCHA
1267,MG,CHIADOR
1268,MG,CHÁCARA
1269,MG,CIPOTÂNEA
1270,MG,CLARO DOS POÇÕES
1271,MG,CLÁUDIO
1272,MG,COIMBRA
1273,MG,COLUNA
1274,MG,CONCEIÇÃO DA APARECIDA
1275,MG,CONCEIÇÃO DAS ALAGOAS
1276,MG,CONCEIÇÃO DE IPANEMA
1277,MG,CONCEIÇÃO DO MATO DENTRO
1278,MG,CONCEIÇÃO DO RIO VERDE
1279,MG,CONCEIÇÃO DOS OUROS
1280,MG,CONFINS
1281,MG,CONGONHAL
1282,MG,CONGONHAS
1283,MG,CONGONHAS DO NORTE
1284,MG,CONQUISTA
1285,MG,CONSELHEIRO LAFAIETE
1286,MG,CONSELHEIRO PENA
1287,MG,CONTAGEM
1288,MG,COQUEIRAL
1289,MG,CORAÇÃO DE JESUS
1290,MG,CORDISLÂNDIA
1291,MG,CORINTO
1292,MG,COROACI
1293,MG,COROMANDEL
1294,MG,CORONEL FABRICIANO
1295,MG,CORONEL MURTA
1296,MG,COUTO DE MAGALHÃES DE MINAS
1297,MG,CRISTAIS
1298,MG,CRISTINA
1299,MG,CRISTÁLIA
1300,MG,CRISÓLITA
1301,MG,CRUCILÂNDIA
1302,MG,CRUZÍLIA
1303,MG,CUPARAQUE
1304,MG,CURRAL DE DENTRO
1305,MG,CURVELO
1306,MG,CÁSSIA
1307,MG,DELFINÓPOLIS
1308,MG,DELTA
1309,MG,DESTERRO DE ENTRE RIOS
1310,MG,DESTERRO DO MELO
1311,MG,DIAMANTINA
1312,MG,DIONÍSIO
1313,MG,DIVINO
1314,MG,DIVINOLÂNDIA DE MINAS
1315,MG,DIVINÓPOLIS
1316,MG,DIVISA ALEGRE
1317,MG,DIVISÓPOLIS
1318,MG,DOM CAVATI
1319,MG,DOM SILVÉRIO
1320,MG,DOM VIÇOSO
1321,MG,DORES DE CAMPOS
1322,MG,DORES DO INDAIÁ
1323,MG,DORES DO TURVO
1324,MG,DURANDÉ
1325,MG,ELÓI MENDES
1326,MG,ENGENHEIRO CALDAS
1327,MG,ENGENHEIRO NAVARRO
1328,MG,ENTRE FOLHAS
1329,MG,ENTRE RIOS DE MINAS
1330,MG,ERVÁLIA
1331,MG,ESMERALDAS
1332,MG,ESPERA FELIZ
1333,MG,ESPINOSA
1334,MG,ESPÍRITO SANTO DO DOURADO
1335,MG,ESTIVA
1336,MG,ESTRELA DO INDAIÁ
1337,MG,EUGENÓPOLIS
1338,MG,EXTREMA
1339,MG,FARIA LEMOS
1340,MG,FELISBURGO
1341,MG,FELIXLÂNDIA
1342,MG,FELÍCIO DOS SANTOS
1343,MG,FERROS
1344,MG,FERVEDOURO
1345,MG,FLORESTAL
1346,MG,FORMIGA
1347,MG,FORMOSO
1348,MG,FRANCISCO BADARÓ
1349,MG,FRANCISCO DUMONT
1350,MG,FRANCISCO SÁ
1351,MG,FREI GASPAR
1352,MG,FREI INOCÊNCIO
1353,MG,FRONTEIRA
1354,MG,FRONTEIRA DOS VALES
1355,MG,FRUTAL
1356,MG,FUNILÂNDIA
1357,MG,GALILÉIA
1358,MG,GOIABEIRA
1359,MG,GONZAGA
1360,MG,GONÇALVES
1361,MG,GOUVEIA
1362,MG,GOVERNADOR VALADARES
1363,MG,GRÃO MOGOL
1364,MG,GUANHÃES
1365,MG,GUAPÉ
1366,MG,GUARACIABA
1367,MG,GUARANÉSIA
1368,MG,GUAXUPÉ
1369,MG,GUIMARÂNIA
1370,MG,HELIODORA
1371,MG,IAPU
1372,MG,IBERTIOGA
1373,MG,IBIRACATU
1374,MG,IBIRACI
1375,MG,IBIRITÉ
1376,MG,IBITIÚRA DE MINAS
1377,MG,IBIÁ
1378,MG,ICARAÍ DE MINAS
1379,MG,IGARAPÉ
1380,MG,IGARATINGA
1381,MG,IGUATAMA
1382,MG,IJACI
1383,MG,ILICÍNEA
1384,MG,IMBÉ DE MINAS
1385,MG,INCONFIDENTES
1386,MG,INGAÍ
1387,MG,INHAPIM
1388,MG,INHAÚMA
1389,MG,INIMUTABA
1390,MG,IPABA
1391,MG,IPANEMA
1392,MG,IPATINGA
1393,MG,IPUIÚNA
1394,MG,IRAÍ DE MINAS
1395,MG,ITABIRA
1396,MG,ITABIRINHA
1397,MG,ITABIRITO
1398,MG,ITACARAMBI
1399,MG,ITAGUARA
1400,MG,ITAIPÉ
1401,MG,ITAJUBÁ
1402,MG,ITAMARANDIBA
1403,MG,ITAMBACURI
1404,MG,ITAMONTE
1405,MG,ITANHANDU
1406,MG,ITANHOMI
1407,MG,ITAOBIM
1408,MG,ITAPAGIPE
1409,MG,ITAPECERICA
1410,MG,ITAPEVA
1411,MG,ITATIAIUÇU
1412,MG,ITAÚ DE MINAS
1413,MG,ITAÚNA
1414,MG,ITINGA
1415,MG,ITUIUTABA
1416,MG,ITURAMA
1417,MG,ITUTINGA
1418,MG,JABOTICATUBAS
1419,MG,JACINTO
1420,MG,JACUTINGA
1421,MG,JACUÍ
1422,MG,JAMPRUCA
1423,MG,JANAÚBA
1424,MG,JANUÁRIA
1425,MG,JAPONVAR
1426,MG,JAÍBA
1427,MG,JECEABA
1428,MG,JENIPAPO DE MINAS
1429,MG,JEQUERI
1430,MG,JEQUITAÍ
1431,MG,JEQUITINHONHA
1432,MG,JESUÂNIA
1433,MG,JOAÍMA
1434,MG,JORDÂNIA
1435,MG,JOSENÓPOLIS
1436,MG,JOSÉ GONÇALVES DE MINAS
1437,MG,JOSÉ RAYDAN
1438,MG,JOÃO MONLEVADE
1439,MG,JOÃO PINHEIRO
1440,MG,JUATUBA
1441,MG,JUIZ DE FORA
1442,MG,JURAMENTO
1443,MG,LADAINHA
1444,MG,LAGAMAR
1445,MG,LAGOA DA PRATA
1446,MG,LAGOA DOS PATOS
1447,MG,LAGOA DOURADA
1448,MG,LAGOA FORMOSA
1449,MG,LAGOA GRANDE
1450,MG,LAGOA SANTA
1451,MG,LAJINHA
1452,MG,LAMBARI
1453,MG,LAMIM
1454,MG,LARANJAL
1455,MG,LASSANCE
1456,MG,LAVRAS
1457,MG,LEME DO PRADO
1458,MG,LEOPOLDINA
1459,MG,LIBERDADE
1460,MG,LIMA DUARTE
1461,MG,LIMEIRA DO OESTE
1462,MG,LONTRA
1463,MG,LUISBURGO
1464,MG,LUMINÁRIAS
1465,MG,LUZ
1466,MG,MACHACALIS
1467,MG,MACHADO
1468,MG,MALACACHETA
1469,MG,MANGA
1470,MG,MANHUAÇU
1471,MG,MANHUMIRIM
1472,MG,MANTENA
1473,MG,MAR DE ESPANHA
1474,MG,MARAVILHAS
1475,MG,MARIA DA FÉ
1476,MG,MARIANA
1477,MG,MARIPÁ DE MINAS
1478,MG,MARLIÉRIA
1479,MG,MARTINHO CAMPOS
1480,MG,MATA VERDE
1481,MG,MATEUS LEME
1482,MG,MATHIAS LOBATO
1483,MG,MATIAS BARBOSA
1484,MG,MATIAS CARDOSO
1485,MG,MATIPÓ
1486,MG,MATO VERDE
1487,MG,MATOZINHOS
1488,MG,MEDINA
1489,MG,MENDES PIMENTEL
1490,MG,MERCÊS
1491,MG,MINAS NOVAS
1492,MG,MINDURI
1493,MG,MIRABELA
1494,MG,MIRADOURO
1495,MG,MIRAÍ
1496,MG,MOEMA
1497,MG,MONSENHOR PAULO
1498,MG,MONTALVÂNIA
1499,MG,MONTE ALEGRE DE MINAS
1500,MG,MONTE AZUL
1501,MG,MONTE BELO
1502,MG,MONTE CARMELO
1503,MG,MONTE FORMOSO
1504,MG,MONTE SANTO DE MINAS
1505,MG,MONTE SIÃO
1506,MG,MONTES CLAROS
1507,MG,MONTEZUMA
1508,MG,MUNHOZ
1509,MG,MURIAÉ
1510,MG,MUTUM
1511,MG,MUZAMBINHO
1512,MG,MÁRIO CAMPOS
1513,MG,NANUQUE
1514,MG,NAQUE
1515,MG,NATALÂNDIA
1516,MG,NATÉRCIA
1517,MG,NAZARENO
1518,MG,NEPOMUCENO
1519,MG,NINHEIRA
1520,MG,NOVA BELÉM
1521,MG,NOVA ERA
1522,MG,NOVA LIMA
1523,MG,NOVA PONTE
1524,MG,NOVA PORTEIRINHA
1525,MG,NOVA RESENDE
1526,MG,NOVA SERRANA
1527,MG,NOVO CRUZEIRO
1528,MG,NOVO ORIENTE DE MINAS
1529,MG,NOVORIZONTE
1530,MG,OLIVEIRA
1531,MG,OURO BRANCO
1532,MG,OURO FINO
1533,MG,OURO PRETO
1534,MG,PADRE CARVALHO
1535,MG,PADRE PARAÍSO
1536,MG,PAINS
1537,MG,PALMA
1538,MG,PALMÓPOLIS
1539,MG,PAPAGAIOS
1540,MG,PARACATU
1541,MG,PARAGUAÇU
1542,MG,PARAISÓPOLIS
1543,MG,PARAOPEBA
1544,MG,PARÁ DE MINAS
1545,MG,PASSA QUATRO
1546,MG,PASSA-VINTE
1547,MG,PASSOS
1548,MG,PATOS DE MINAS
1549,MG,PATROCÍNIO
1550,MG,PEDRA AZUL
1551,MG,PEDRA BONITA
1552,MG,PEDRALVA
1553,MG,PEDRO LEOPOLDO
1554,MG,PEQUI
1555,MG,PERDIGÃO
1556,MG,PERDIZES
1557,MG,PERDÕES
1558,MG,PERIQUITO
1559,MG,PESCADOR
1560,MG,PEÇANHA
1561,MG,PIEDADE DOS GERAIS
1562,MG,PINTÓPOLIS
1563,MG,PIRACEMA
1564,MG,PIRANGA
1565,MG,PIRANGUINHO
1566,MG,PIRAPETINGA
1567,MG,PIRAPORA
1568,MG,PIRAÚBA
1569,MG,PITANGUI
1570,MG,PIUMHI
1571,MG,PLANURA
1572,MG,POCRANE
1573,MG,POMPÉU
1574,MG,PONTE NOVA
1575,MG,PONTO DOS VOLANTES
1576,MG,PORTEIRINHA
1577,MG,PORTO FIRME
1578,MG,POTÉ
1579,MG,POUSO ALEGRE
1580,MG,POUSO ALTO
1581,MG,POÇO FUNDO
1582,MG,POÇOS DE CALDAS
1583,MG,PRADOS
1584,MG,PRATA
1585,MG,PRATÁPOLIS
1586,MG,PRESIDENTE BERNARDES
1587,MG,PRESIDENTE KUBITSCHEK
1588,MG,PRESIDENTE OLEGÁRIO
1589,MG,PRUDENTE DE MORAIS
1590,MG,RAPOSOS
1591,MG,RAUL SOARES
1592,MG,RECREIO
1593,MG,REDUTO
1594,MG,RESENDE COSTA
1595,MG,RESPLENDOR
1596,MG,RIACHINHO
1597,MG,RIACHO DOS MACHADOS
1598,MG,RIBEIRÃO DAS NEVES
1599,MG,RIO ACIMA
1600,MG,RIO CASCA
1601,MG,RIO DO PRADO
1602,MG,RIO ESPERA
1603,MG,RIO MANSO
1604,MG,RIO NOVO
1605,MG,RIO PARANAÍBA
1606,MG,RIO PARDO DE MINAS
1607,MG,RIO PIRACICABA
1608,MG,RIO POMBA
1609,MG,RIO VERMELHO
1610,MG,RODEIRO
1611,MG,ROSÁRIO DA LIMEIRA
1612,MG,RUBIM
1613,MG,SABARÁ
1614,MG,SABINÓPOLIS
1615,MG,SACRAMENTO
1616,MG,SALINAS
1617,MG,SALTO DA DIVISA
1618,MG,SANTA BÁRBARA
1619,MG,SANTA BÁRBARA DO LESTE
1620,MG,SANTA BÁRBARA DO TUGÚRIO
1621,MG,SANTA EFIGÊNIA DE MINAS
1622,MG,SANTA FÉ DE MINAS
1623,MG,SANTA JULIANA
1624,MG,SANTA LUZIA
1625,MG,SANTA MARGARIDA
1626,MG,SANTA MARIA DE ITABIRA
1627,MG,SANTA MARIA DO SALTO
1628,MG,SANTA MARIA DO SUAÇUÍ
1629,MG,SANTA RITA DE CALDAS
1630,MG,SANTA RITA DE JACUTINGA
1631,MG,SANTA RITA DE MINAS
1632,MG,SANTA RITA DO ITUETO
1633,MG,SANTA RITA DO SAPUCAÍ
1634,MG,SANTA VITÓRIA
1635,MG,SANTANA DA VARGEM
1636,MG,SANTANA DE PIRAPAMA
1637,MG,SANTANA DO MANHUAÇU
1638,MG,SANTANA DO PARAÍSO
1639,MG,SANTANA DO RIACHO
1640,MG,SANTO ANTÔNIO DO AMPARO
1641,MG,SANTO ANTÔNIO DO AVENTUREIRO
1642,MG,SANTO ANTÔNIO DO GRAMA
1643,MG,SANTO ANTÔNIO DO JACINTO
1644,MG,SANTO ANTÔNIO DO MONTE
1645,MG,SANTO ANTÔNIO DO RETIRO
1646,MG,SANTO HIPÓLITO
1647,MG,SANTOS DUMONT
1648,MG,SAPUCAÍ-MIRIM
1649,MG,SARDOÁ
1650,MG,SARZEDO
1651,MG,SENADOR AMARAL
1652,MG,SENADOR JOSÉ BENTO
1653,MG,SENADOR MODESTINO GONÇALVES
1654,MG,SENHORA DE OLIVEIRA
1655,MG,SENHORA DOS REMÉDIOS
1656,MG,SERICITA
1657,MG,SERITINGA
1658,MG,SERRA DA SAUDADE
1659,MG,SERRA DO SALITRE
1660,MG,SERRA DOS AIMORÉS
1661,MG,SERRANIA
1662,MG,SERRANÓPOLIS DE MINAS
1663,MG,SERRO
1664,MG,SETE LAGOAS
1665,MG,SETUBINHA
1666,MG,SILVIANÓPOLIS
1667,MG,SIMONÉSIA
1668,MG,SOLEDADE DE MINAS
1669,MG,SÃO BENTO ABADE
1670,MG,SÃO BRÁS DO SUAÇUÍ
1671,MG,SÃO DOMINGOS DAS DORES
1672,MG,SÃO DOMINGOS DO PRATA
1673,MG,SÃO FRANCISCO
1674,MG,SÃO FRANCISCO DE SALES
1675,MG,SÃO FRANCISCO DO GLÓRIA
1676,MG,SÃO GERALDO
1677,MG,SÃO GONÇALO DO PARÁ
1678,MG,SÃO GONÇALO DO RIO ABAIXO
1679,MG,SÃO GONÇALO DO RIO PRETO
1680,MG,SÃO GONÇALO DO SAPUCAÍ
1681,MG,SÃO GOTARDO
1682,MG,SÃO JOAQUIM DE BICAS
1683,MG,SÃO JOSÉ DA BARRA
1684,MG,SÃO JOSÉ DA LAPA
1685,MG,SÃO JOSÉ DA VARGINHA
1686,MG,SÃO JOSÉ DO GOIABAL
1687,MG,SÃO JOSÉ DO JACURI
1688,MG,SÃO JOÃO DA PONTE
1689,MG,SÃO JOÃO DAS MISSÕES
1690,MG,SÃO JOÃO DEL REI
1691,MG,SÃO JOÃO DO MANHUAÇU
1692,MG,SÃO JOÃO DO MANTENINHA
1693,MG,SÃO JOÃO DO ORIENTE
1694,MG,SÃO JOÃO DO PARAÍSO
1695,MG,SÃO JOÃO EVANGELISTA
1696,MG,SÃO JOÃO NEPOMUCENO
1697,MG,SÃO LOURENÇO
1698,MG,SÃO PEDRO DA UNIÃO
1699,MG,SÃO PEDRO DO SUAÇUÍ
1700,MG,SÃO PEDRO DOS FERROS
1701,MG,SÃO ROMÃO
1702,MG,SÃO ROQUE DE MINAS
1703,MG,SÃO SEBASTIÃO DA BELA VISTA
1704,MG,SÃO SEBASTIÃO DO ANTA
1705,MG,SÃO SEBASTIÃO DO MARANHÃO
1706,MG,SÃO SEBASTIÃO DO PARAÍSO
1707,MG,SÃO SEBASTIÃO DO RIO VERDE
1708,MG,SÃO THOMÉ DAS LETRAS
1709,MG,SÃO TIAGO
1710,MG,SÃO TOMÁS DE AQUINO
1711,MG,SÃO VICENTE DE MINAS
1712,MG,TABULEIRO
1713,MG,TAIOBEIRAS
1714,MG,TAPARUBA
1715,MG,TEÓFILO OTONI
1716,MG,TIMÓTEO
1717,MG,TIRADENTES
1718,MG,TIROS
1719,MG,TOCANTINS
1720,MG,TOCOS DO MOJI
1721,MG,TOLEDO
1722,MG,TOMBOS
1723,MG,TRÊS CORAÇÕES
1724,MG,TRÊS MARIAS
1725,MG,TRÊS PONTAS
1726,MG,TUMIRITINGA
1727,MG,TUPACIGUARA
1728,MG,TURMALINA
1729,MG,TURVOLÂNDIA
1730,MG,UBAPORANGA
1731,MG,UBAÍ
1732,MG,UBERABA
1733,MG,UBERLÂNDIA
1734,MG,UBÁ
1735,MG,UMBURATIBA
1736,MG,UNAÍ
1737,MG,UNIÃO DE MINAS
1738,MG,URUANA DE MINAS
1739,MG,URUCUIA
1740,MG,URUCÂNIA
1741,MG,VARGEM ALEGRE
1742,MG,VARGEM GRANDE DO RIO PARDO
1743,MG,VARGINHA
1744,MG,VARJÃO DE MINAS
1745,MG,VARZELÂNDIA
1746,MG,VAZANTE
1747,MG,VERDELÂNDIA
1748,MG,VEREDINHA
1749,MG,VERMELHO NOVO
1750,MG,VESPASIANO
1751,MG,VIRGEM DA LAPA
1752,MG,VIRGINÓPOLIS
1753,MG,VIRGÍNIA
1754,MG,VISCONDE DO RIO BRANCO
1755,MG,VIÇOSA
1756,MG,VÁRZEA DA PALMA
1757,MG,ÁGUA BOA
1758,MG,ÁGUAS FORMOSAS
1759,MG,ÁGUAS VERMELHAS
1760,MS,ALCINÓPOLIS
1761,MS,AMAMBAÍ
1762,MS,ANASTÁCIO
1763,MS,ANAURILÂNDIA
1764,MS,ANGÉLICA
1765,MS,ANTÔNIO JOÃO
1766,MS,APARECIDA DO TABOADO
1767,MS,AQUIDAUANA
1768,MS,ARAL MOREIRA
1769,MS,BANDEIRANTES
1770,MS,BATAGUASSU
1771,MS,BATAYPORÃ
1772,MS,BELA VISTA
1773,MS,BODOQUENA
1774,MS,BONITO
1775,MS,BRASILÂNDIA
1776,MS,CAARAPÓ
1777,MS,CAMAPUÃ
1778,MS,CAMPO GRANDE
1779,MS,CARACOL
1780,MS,CASSILÂNDIA
1781,MS,CHAPADÃO DO SUL
1782,MS,CORGUINHO
1783,MS,CORONEL SAPUCAIA
1784,MS,CORUMBÁ
1785,MS,COSTA RICA
1786,MS,COXIM
1787,MS,DEODÁPOLIS
1788,MS,DOIS IRMÃOS DO BURITI
1789,MS,DOURADOS
1790,MS,ELDORADO
1791,MS,FIGUEIRÃO
1792,MS,FÁTIMA DO SUL
1793,MS,GLÓRIA DE DOURADOS
1794,MS,GUIA LOPES DA LAGUNA
1795,MS,IGUATEMI
1796,MS,INOCÊNCIA
1797,MS,ITAPORÃ
1798,MS,ITAQUIRAÍ
1799,MS,IVINHEMA
1800,MS,JAPORÃ
1801,MS,JARDIM
1802,MS,JATEÍ
1803,MS,LADÁRIO
1804,MS,MARACAJU
1805,MS,MIRANDA
1806,MS,MUNDO NOVO
1807,MS,NAVIRAÍ
1808,MS,NIOAQUE
1809,MS,NOVA ALVORADA DO SUL
1810,MS,NOVA ANDRADINA
1811,MS,NOVO HORIZONTE DO SUL
1812,MS,PARANAÍBA
1813,MS,PARANHOS
1814,MS,PARAÍSO DAS ÁGUAS
1815,MS,PEDRO GOMES
1816,MS,PONTA PORÃ
1817,MS,PORTO MURTINHO
1818,MS,RIBAS DO RIO PARDO
1819,MS,RIO BRILHANTE
1820,MS,RIO NEGRO
1821,MS,RIO VERDE DE MATO GROSSO
1822,MS,ROCHEDO
1823,MS,SELVÍRIA
1824,MS,SETE QUEDAS
1825,MS,SIDROLÂNDIA
1826,MS,SONORA
1827,MS,SÃO GABRIEL DO OESTE
1828,MS,TACURU
1829,MS,TERENOS
1830,MS,TRÊS LAGOAS
1831,MS,VICENTINA
1832,MS,ÁGUA CLARA
1833,MT,ACORIZAL
1834,MT,ALTA FLORESTA
1835,MT,ALTO ARAGUAIA
1836,MT,ALTO BOA VISTA
1837,MT,ALTO GARÇAS
1838,MT,ALTO PARAGUAI
1839,MT,ALTO TAQUARI
1840,MT,APIACÁS
1841,MT,ARAGUAIANA
1842,MT,ARAPUTANGA
1843,MT,ARENÁPOLIS
1844,MT,ARIPUANÃ
1845,MT,BARRA DO BUGRES
1846,MT,BARRA DO GARÇAS
1847,MT,BARÃO DE MELGAÇO
1848,MT,BOM JESUS DO ARAGUAIA
1849,MT,BRASNORTE
1850,MT,CAMPINÁPOLIS
1851,MT,CAMPO NOVO DO PARECIS
1852,MT,CAMPO VERDE
1853,MT,CAMPOS DE JÚLIO
1854,MT,CANARANA
1855,MT,CARLINDA
1856,MT,CASTANHEIRA
1857,MT,CHAPADA DOS GUIMARÃES
1858,MT,CLÁUDIA
1859,MT,COCALINHO
1860,MT,COLNIZA
1861,MT,COLÍDER
1862,MT,COMODORO
1863,MT,CONFRESA
1864,MT,CONQUISTA D´OESTE
1865,MT,COTRIGUAÇU
1866,MT,CUIABÁ
1867,MT,CÁCERES
1868,MT,DIAMANTINO
1869,MT,FELIZ NATAL
1870,MT,FIGUEIRÓPOLIS D´OESTE
1871,MT,GAÚCHA DO NORTE
1872,MT,GENERAL CARNEIRO
1873,MT,GLÓRIA D´OESTE
1874,MT,GUARANTÃ DO NORTE
1875,MT,GUIRATINGA
1876,MT,INDIAVAÍ
1877,MT,IPIRANGA DO NORTE
1878,MT,ITANHANGÁ
1879,MT,ITAÚBA
1880,MT,ITIQUIRA
1881,MT,JACIARA
1882,MT,JAURU
1883,MT,JUARA
1884,MT,JURUENA
1885,MT,JUSCIMEIRA
1886,MT,JUÍNA
1887,MT,LUCAS DO RIO VERDE
1888,MT,LUCIÁRA
1889,MT,MARCELÂNDIA
1890,MT,MATUPÁ
1891,MT,MIRASSOL D´OESTE
1892,MT,NOBRES
1893,MT,NORTELÂNDIA
1894,MT,NOSSA SENHORA DO LIVRAMENTO
1895,MT,NOVA BANDEIRANTES
1896,MT,NOVA BRASILÂNDIA
1897,MT,NOVA CANAÃ DO NORTE
1898,MT,NOVA GUARITA
1899,MT,NOVA LACERDA
1900,MT,NOVA MARILÂNDIA
1901,MT,NOVA MARINGÁ
1902,MT,NOVA MONTE VERDE
1903,MT,NOVA MUTUM
1904,MT,NOVA NAZARÉ
1905,MT,NOVA OLÍMPIA
1906,MT,NOVA SANTA HELENA
1907,MT,NOVA UBIRATÃ
1908,MT,NOVA XAVANTINA
1909,MT,NOVO HORIZONTE DO NORTE
1910,MT,NOVO MUNDO
1911,MT,NOVO SÃO JOAQUIM
1912,MT,PARANATINGA
1913,MT,PARANAÍTA
1914,MT,PEDRA PRETA
1915,MT,PEIXOTO DE AZEVEDO
1916,MT,POCONÉ
1917,MT,PONTAL DO ARAGUAIA
1918,MT,PONTES E LACERDA
1919,MT,PORTO ALEGRE DO NORTE
1920,MT,PORTO DOS GAÚCHOS
1921,MT,PORTO ESPERIDIÃO
1922,MT,POXORÉO
1923,MT,PRIMAVERA DO LESTE
1924,MT,QUERÊNCIA
1925,MT,RIBEIRÃO CASCALHEIRA
1926,MT,RIBEIRÃOZINHO
1927,MT,RIO BRANCO
1928,MT,RONDONÓPOLIS
1929,MT,ROSÁRIO OESTE
1930,MT,SALTO DO CÉU
1931,MT,SANTO ANTÔNIO DO LEVERGER
1932,MT,SAPEZAL
1933,MT,SINOP
1934,MT,SORRISO
1935,MT,SÃO FÉLIX DO ARAGUAIA
1936,MT,SÃO JOSÉ DO RIO CLARO
1937,MT,SÃO JOSÉ DOS QUATRO MARCOS
1938,MT,TABAPORÃ
1939,MT,TANGARÁ DA SERRA
1940,MT,TAPURAH
1941,MT,TERRA NOVA DO NORTE
1942,MT,TESOURO
1943,MT,UNIÃO DO SUL
1944,MT,VERA
1945,MT,VILA BELA DA SANTÍSSIMA TRINDADE
1946,MT,VILA RICA
1947,MT,VÁRZEA GRANDE
1948,MT,ÁGUA BOA
1949,PA,ABAETETUBA
1950,PA,ACARÁ
1951,PA,AFUÁ
1952,PA,ALENQUER
1953,PA,ALMEIRIM
1954,PA,ALTAMIRA
1955,PA,ANAJÁS
1956,PA,ANANINDEUA
1957,PA,ANAPU
1958,PA,AUGUSTO CORRÊA
1959,PA,AURORA DO PARÁ
1960,PA,AVEIRO
1961,PA,BAGRE
1962,PA,BAIÃO
1963,PA,BARCARENA
1964,PA,BELTERRA
1965,PA,BELÉM
1966,PA,BENEVIDES
1967,PA,BOM JESUS DO TOCANTINS
1968,PA,BONITO
1969,PA,BRAGANÇA
1970,PA,BRASIL NOVO
1971,PA,BREJO GRANDE DO ARAGUAIA
1972,PA,BREU BRANCO
1973,PA,BREVES
1974,PA,BUJARU
1975,PA,CACHOEIRA DO ARARI
1976,PA,CACHOEIRA DO PIRIÁ
1977,PA,CAMETÁ
1978,PA,CANAÃ DOS CARAJÁS
1979,PA,CAPANEMA
1980,PA,CAPITÃO POÇO
1981,PA,CASTANHAL
1982,PA,CHAVES
1983,PA,COLARES
1984,PA,CONCEIÇÃO DO ARAGUAIA
1985,PA,CONCÓRDIA DO PARÁ
1986,PA,CURIONÓPOLIS
1987,PA,CURRALINHO
1988,PA,CURUÁ
1989,PA,CURUÇÁ
1990,PA,DOM ELISEU
1991,PA,ELDORADO DOS CARAJÁS
1992,PA,FARO
1993,PA,FLORESTA DO ARAGUAIA
1994,PA,GARRAFÃO DO NORTE
1995,PA,GOIANÉSIA DO PARÁ
1996,PA,GURUPÁ
1997,PA,IGARAPÉ-AÇU
1998,PA,IGARAPÉ-MIRI
1999,PA,INHANGAPI
2000,PA,IPIXUNA DO PARÁ
2001,PA,IRITUIA
2002,PA,ITAITUBA
2003,PA,ITUPIRANGA
2004,PA,JACAREACANGA
2005,PA,JACUNDÁ
2006,PA,JURUTI
2007,PA,LIMOEIRO DO AJURU
2008,PA,MAGALHÃES BARATA
2009,PA,MARABÁ
2010,PA,MARACANÃ
2011,PA,MARAPANIM
2012,PA,MARITUBA
2013,PA,MEDICILÂNDIA
2014,PA,MELGAÇO
2015,PA,MOCAJUBA
2016,PA,MOJU
2017,PA,MOJUÍ DOS CAMPOS
2018,PA,MONTE ALEGRE
2019,PA,MUANÁ
2020,PA,MÃE DO RIO
2021,PA,NOVA ESPERANÇA DO PIRIÁ
2022,PA,NOVA IPIXUNA
2023,PA,NOVA TIMBOTEUA
2024,PA,NOVO PROGRESSO
2025,PA,NOVO REPARTIMENTO
2026,PA,OEIRAS DO PARÁ
2027,PA,ORIXIMINÁ
2028,PA,OURILÂNDIA DO NORTE
2029,PA,OURÉM
2030,PA,PACAJÁ
2031,PA,PARAGOMINAS
2032,PA,PARAUAPEBAS
2033,PA,PEIXE-BOI
2034,PA,PIÇARRA
2035,PA,PLACAS
2036,PA,PONTA DE PEDRAS
2037,PA,PORTEL
2038,PA,PORTO DE MOZ
2039,PA,PRAINHA
2040,PA,PRIMAVERA
2041,PA,QUATIPURU
2042,PA,REDENÇÃO
2043,PA,RIO MARIA
2044,PA,RONDON DO PARÁ
2045,PA,RURÓPOLIS
2046,PA,SALINÓPOLIS
2047,PA,SALVATERRA
2048,PA,SANTA BÁRBARA DO PARÁ
2049,PA,SANTA CRUZ DO ARARI
2050,PA,SANTA IZABEL DO PARÁ
2051,PA,SANTA LUZIA DO PARÁ
2052,PA,SANTA MARIA DAS BARREIRAS
2053,PA,SANTA MARIA DO PARÁ
2054,PA,SANTANA DO ARAGUAIA
2055,PA,SANTARÉM
2056,PA,SANTO ANTÔNIO DO TAUÁ
2057,PA,SENADOR JOSÉ PORFÍRIO
2058,PA,SOURE
2059,PA,SÃO CAETANO DE ODIVELAS
2060,PA,SÃO DOMINGOS DO ARAGUAIA
2061,PA,SÃO DOMINGOS DO CAPIM
2062,PA,SÃO FRANCISCO DO PARÁ
2063,PA,SÃO FÉLIX DO XINGU
2064,PA,SÃO GERALDO DO ARAGUAIA
2065,PA,SÃO JOÃO DE PIRABAS
2066,PA,SÃO JOÃO DO ARAGUAIA
2067,PA,SÃO MIGUEL DO GUAMÁ
2068,PA,SÃO SEBASTIÃO DA BOA VISTA
2069,PA,TAILÂNDIA
2070,PA,TERRA SANTA
2071,PA,TOMÉ-AÇU
2072,PA,TRACUATEUA
2073,PA,TRAIRÃO
2074,PA,TUCUMÃ
2075,PA,TUCURUÍ
2076,PA,ULIANÓPOLIS
2077,PA,URUARÁ
2078,PA,VIGIA
2079,PA,VISEU
2080,PA,VITÓRIA DO XINGU
2081,PA,XINGUARA
2082,PA,ÁGUA AZUL DO NORTE
2083,PA,ÓBIDOS
2084,PB,AGUIAR
2085,PB,ALAGOA GRANDE
2086,PB,ALAGOA NOVA
2087,PB,ALAGOINHA
2088,PB,ALHANDRA
2089,PB,APARECIDA
2090,PB,ARARA
2091,PB,ARARUNA
2092,PB,ARAÇAGI
2093,PB,AREIA
2094,PB,AROEIRAS
2095,PB,ASSUNÇÃO
2096,PB,BANANEIRAS
2097,PB,BARRA DE SANTA ROSA
2098,PB,BAYEUX
2099,PB,BELÉM
2100,PB,BELÉM DO BREJO DO CRUZ
2101,PB,BERNARDINO BATISTA
2102,PB,BOM SUCESSO
2103,PB,BONITO DE SANTA FÉ
2104,PB,BOQUEIRÃO
2105,PB,BREJO DO CRUZ
2106,PB,CAAPORÃ
2107,PB,CABACEIRAS
2108,PB,CABEDELO
2109,PB,CACIMBA DE DENTRO
2110,PB,CACIMBAS
2111,PB,CAIÇARA
2112,PB,CAJAZEIRAS
2113,PB,CALDAS BRANDÃO
2114,PB,CAMALAÚ
2115,PB,CAMPINA GRANDE
2116,PB,CATOLÉ DO ROCHA
2117,PB,CONCEIÇÃO
2118,PB,CONDADO
2119,PB,CONDE
2120,PB,COREMAS
2121,PB,CRUZ DO ESPÍRITO SANTO
2122,PB,CUITÉ
2123,PB,CUITÉ DE MAMANGUAPE
2124,PB,DAMIÃO
2125,PB,DONA INÊS
2126,PB,DUAS ESTRADAS
2127,PB,ESPERANÇA
2128,PB,GUARABIRA
2129,PB,GURINHÉM
2130,PB,GURJÃO
2131,PB,IMACULADA
2132,PB,INGÁ
2133,PB,ITABAIANA
2134,PB,ITAPORANGA
2135,PB,ITAPOROROCA
2136,PB,ITATUBA
2137,PB,JACARAÚ
2138,PB,JERICÓ
2139,PB,JOÃO PESSOA
2140,PB,JUAREZ TÁVORA
2141,PB,JUAZEIRINHO
2142,PB,JURU
2143,PB,LAGOA DE DENTRO
2144,PB,LAGOA SECA
2145,PB,LIVRAMENTO
2146,PB,LUCENA
2147,PB,MALTA
2148,PB,MAMANGUAPE
2149,PB,MARI
2150,PB,MARIZÓPOLIS
2151,PB,MASSARANDUBA
2152,PB,MOGEIRO
2153,PB,MONTEIRO
2154,PB,MÃE D´ÁGUA
2155,PB,NOVA FLORESTA
2156,PB,OLHO D´ÁGUA
2157,PB,PATOS
2158,PB,PAULISTA
2159,PB,PEDRAS DE FOGO
2160,PB,PIANCÓ
2161,PB,PICUÍ
2162,PB,PILAR
2163,PB,PILÕES
2164,PB,PITIMBU
2165,PB,POCINHOS
2166,PB,POMBAL
2167,PB,PRATA
2168,PB,PRINCESA ISABEL
2169,PB,PUXINANÃ
2170,PB,QUEIMADAS
2171,PB,QUIXABÁ
2172,PB,REMÍGIO
2173,PB,RIO TINTO
2174,PB,SALGADO DE SÃO FÉLIX
2175,PB,SANTA HELENA
2176,PB,SANTA LUZIA
2177,PB,SANTA RITA
2178,PB,SANTA TERESINHA
2179,PB,SANTANA DOS GARROTES
2180,PB,SANTO ANDRÉ
2181,PB,SAPÉ
2182,PB,SERIDÓ
2183,PB,SERRA BRANCA
2184,PB,SERRA DA RAIZ
2185,PB,SERTÃOZINHO
2186,PB,SOLEDADE
2187,PB,SOLÂNEA
2188,PB,SOUSA
2189,PB,SUMÉ
2190,PB,SÃO BENTO
2191,PB,SÃO DOMINGOS DE POMBAL
2192,PB,SÃO JOSÉ DA LAGOA TAPADA
2193,PB,SÃO JOSÉ DE CAIANA
2194,PB,SÃO JOSÉ DE ESPINHARAS
2195,PB,SÃO JOSÉ DE PIRANHAS
2196,PB,SÃO JOSÉ DO SABUGI
2197,PB,SÃO JOSÉ DOS CORDEIROS
2198,PB,SÃO JOÃO DO RIO DO PEIXE
2199,PB,SÃO JOÃO DO TIGRE
2200,PB,SÃO MAMEDE
2201,PB,SÃO SEBASTIÃO DE LAGOA DE ROÇA
2202,PB,TAPEROÁ
2203,PB,TAVARES
2204,PB,TEIXEIRA
2205,PB,UIRAÚNA
2206,PB,UMBUZEIRO
2207,PB,VISTA SERRANA
2208,PB,ÁGUA BRANCA
2209,PE,ABREU E LIMA
2210,PE,AFOGADOS DA INGAZEIRA
2211,PE,AFRÂNIO
2212,PE,AGRESTINA
2213,PE,ALIANÇA
2214,PE,ALTINHO
2215,PE,AMARAJI
2216,PE,ANGELIM
2217,PE,ARARIPINA
2218,PE,ARAÇOIABA
2219,PE,ARCOVERDE
2220,PE,BARRA DE GUABIRABA
2221,PE,BARREIROS
2222,PE,BELO JARDIM
2223,PE,BELÉM DE MARIA
2224,PE,BELÉM DE SÃO FRANCISCO
2225,PE,BETÂNIA
2226,PE,BEZERROS
2227,PE,BODOCÓ
2228,PE,BOM CONSELHO
2229,PE,BOM JARDIM
2230,PE,BONITO
2231,PE,BREJO DA MADRE DE DEUS
2232,PE,BUENOS AIRES
2233,PE,BUÍQUE
2234,PE,CABO DE SANTO AGOSTINHO
2235,PE,CABROBÓ
2236,PE,CACHOEIRINHA
2237,PE,CAETÉS
2238,PE,CAMARAGIBE
2239,PE,CAMOCIM DE SÃO FÉLIX
2240,PE,CANHOTINHO
2241,PE,CAPOEIRAS
2242,PE,CARNAUBEIRA DA PENHA
2243,PE,CARNAÍBA
2244,PE,CARPINA
2245,PE,CARUARU
2246,PE,CASINHAS
2247,PE,CATENDE
2248,PE,CEDRO
2249,PE,CHÃ DE ALEGRIA
2250,PE,CHÃ GRANDE
2251,PE,CONDADO
2252,PE,CORRENTES
2253,PE,CORTÊS
2254,PE,CUMARU
2255,PE,CUPIRA
2256,PE,CUSTÓDIA
2257,PE,DORMENTES
2258,PE,ESCADA
2259,PE,EXU
2260,PE,FEIRA NOVA
2261,PE,FERNANDO DE NORONHA
2262,PE,FLORESTA
2263,PE,FREI MIGUELINHO
2264,PE,GAMELEIRA
2265,PE,GARANHUNS
2266,PE,GLÓRIA DO GOITÁ
2267,PE,GOIANA
2268,PE,GRAVATÁ
2269,PE,IATI
2270,PE,IBIMIRIM
2271,PE,IGARASSU
2272,PE,ILHA DE ITAMARACÁ
2273,PE,INAJÁ
2274,PE,IPOJUCA
2275,PE,IPUBI
2276,PE,ITAMBÉ
2277,PE,ITAPETIM
2278,PE,ITAPISSUMA
2279,PE,ITAQUITINGA
2280,PE,ITAÍBA
2281,PE,JABOATÃO DOS GUARARAPES
2282,PE,JAQUEIRA
2283,PE,JATAÚBA
2284,PE,JATOBÁ
2285,PE,JOAQUIM NABUCO
2286,PE,JOÃO ALFREDO
2287,PE,JUCATI
2288,PE,JUPI
2289,PE,JUREMA
2290,PE,LAGOA DO OURO
2291,PE,LAGOA DOS GATOS
2292,PE,LAGOA GRANDE
2293,PE,LAJEDO
2294,PE,LIMOEIRO
2295,PE,MACAPARANA
2296,PE,MACHADOS
2297,PE,MANARI
2298,PE,MARAIAL
2299,PE,MIRANDIBA
2300,PE,MOREILÂNDIA
2301,PE,MORENO
2302,PE,NAZARÉ DA MATA
2303,PE,OLINDA
2304,PE,OROBÓ
2305,PE,OROCÓ
2306,PE,OURICURI
2307,PE,PALMARES
2308,PE,PALMEIRINA
2309,PE,PANELAS
2310,PE,PARANATAMA
2311,PE,PARNAMIRIM
2312,PE,PASSIRA
2313,PE,PAUDALHO
2314,PE,PAULISTA
2315,PE,PEDRA
2316,PE,PESQUEIRA
2317,PE,PETROLINA
2318,PE,PETROLÂNDIA
2319,PE,POMBOS
2320,PE,POÇÃO
2321,PE,PRIMAVERA
2322,PE,QUIPAPÁ
2323,PE,RECIFE
2324,PE,RIACHO DAS ALMAS
2325,PE,RIBEIRÃO
2326,PE,RIO FORMOSO
2327,PE,SAIRÉ
2328,PE,SALGADINHO
2329,PE,SALGUEIRO
2330,PE,SALOÁ
2331,PE,SANHARÓ
2332,PE,SANTA CRUZ
2333,PE,SANTA CRUZ DA BAIXA VERDE
2334,PE,SANTA CRUZ DO CAPIBARIBE
2335,PE,SANTA FILOMENA
2336,PE,SANTA MARIA DA BOA VISTA
2337,PE,SANTA MARIA DO CAMBUCÁ
2338,PE,SANTA TEREZINHA
2339,PE,SERRA TALHADA
2340,PE,SERRITA
2341,PE,SERTÂNIA
2342,PE,SIRINHAÉM
2343,PE,SOLIDÃO
2344,PE,SURUBIM
2345,PE,SÃO BENEDITO DO SUL
2346,PE,SÃO BENTO DO UNA
2347,PE,SÃO CAITANO
2348,PE,SÃO JOAQUIM DO MONTE
2349,PE,SÃO JOSÉ DA COROA GRANDE
2350,PE,SÃO JOSÉ DO BELMONTE
2351,PE,SÃO JOSÉ DO EGITO
2352,PE,SÃO JOÃO
2353,PE,SÃO LOURENÇO DA MATA
2354,PE,SÃO VICENTE FERRER
2355,PE,TABIRA
2356,PE,TACAIMBÓ
2357,PE,TACARATU
2358,PE,TAMANDARÉ
2359,PE,TAQUARITINGA DO NORTE
2360,PE,TIMBAÚBA
2361,PE,TORITAMA
2362,PE,TRACUNHAÉM
2363,PE,TRINDADE
2364,PE,TRIUNFO
2365,PE,TUPANATINGA
2366,PE,VENTUROSA
2367,PE,VERTENTES
2368,PE,VICÊNCIA
2369,PE,VITÓRIA DE SANTO ANTÃO
2370,PE,ÁGUA PRETA
2371,PE,ÁGUAS BELAS
2372,PI,ACAUÃ
2373,PI,AGRICOLÂNDIA
2374,PI,ALEGRETE DO PIAUÍ
2375,PI,ALTO LONGÁ
2376,PI,ALTOS
2377,PI,AMARANTE
2378,PI,ANGICAL DO PIAUÍ
2379,PI,ANTÔNIO ALMEIDA
2380,PI,ANÍSIO DE ABREU
2381,PI,AROAZES
2382,PI,ARRAIAL
2383,PI,ASSUNÇÃO DO PIAUÍ
2384,PI,AVELINO LOPES
2385,PI,BAIXA GRANDE DO RIBEIRO
2386,PI,BARRAS
2387,PI,BARRO DURO
2388,PI,BATALHA
2389,PI,BELA VISTA DO PIAUÍ
2390,PI,BELÉM DO PIAUÍ
2391,PI,BENEDITINOS
2392,PI,BERTOLÍNIA
2393,PI,BOA HORA
2394,PI,BOM JESUS
2395,PI,BRASILEIRA
2396,PI,BREJO DO PIAUÍ
2397,PI,BURITI DOS LOPES
2398,PI,BURITI DOS MONTES
2399,PI,CABECEIRAS DO PIAUÍ
2400,PI,CAJAZEIRAS DO PIAUÍ
2401,PI,CAJUEIRO DA PRAIA
2402,PI,CAMPINAS DO PIAUÍ
2403,PI,CAMPO GRANDE DO PIAUÍ
2404,PI,CAMPO MAIOR
2405,PI,CANTO DO BURITI
2406,PI,CAPITÃO DE CAMPOS
2407,PI,CAPITÃO GERVÁSIO OLIVEIRA
2408,PI,CARACOL
2409,PI,CARAÚBAS DO PIAUÍ
2410,PI,CARIDADE DO PIAUÍ
2411,PI,CASTELO DO PIAUÍ
2412,PI,COCAL
2413,PI,COLÔNIA DO GURGUÉIA
2414,PI,CONCEIÇÃO DO CANINDÉ
2415,PI,CORONEL JOSÉ DIAS
2416,PI,CORRENTE
2417,PI,CRISTALÂNDIA DO PIAUÍ
2418,PI,CRISTINO CASTRO
2419,PI,CURIMATÁ
2420,PI,CURRAIS
2421,PI,CURRALINHOS
2422,PI,DEMERVAL LOBÃO
2423,PI,DIRCEU ARCOVERDE
2424,PI,DOM EXPEDITO LOPES
2425,PI,DOM INOCÊNCIO
2426,PI,DOMINGOS MOURÃO
2427,PI,ELESBÃO VELOSO
2428,PI,ESPERANTINA
2429,PI,FLORIANO
2430,PI,FRANCISCO AYRES
2431,PI,FRANCISCO MACEDO
2432,PI,FRONTEIRAS
2433,PI,GILBUÉS
2434,PI,GUADALUPE
2435,PI,GUARIBAS
2436,PI,HUGO NAPOLEÃO
2437,PI,INHUMA
2438,PI,IPIRANGA DO PIAUÍ
2439,PI,ISAÍAS COELHO
2440,PI,ITAINÓPOLIS
2441,PI,ITAUEIRA
2442,PI,JAICÓS
2443,PI,JARDIM DO MULATO
2444,PI,JERUMENHA
2445,PI,JOAQUIM PIRES
2446,PI,JOSÉ DE FREITAS
2447,PI,JUAZEIRO DO PIAUÍ
2448,PI,JÚLIO BORGES
2449,PI,LAGOA ALEGRE
2450,PI,LAGOA DE SÃO FRANCISCO
2451,PI,LAGOA DO SÍTIO
2452,PI,LANDRI SALES
2453,PI,LUZILÂNDIA
2454,PI,LUÍS CORREIA
2455,PI,MARCOLÂNDIA
2456,PI,MARCOS PARENTE
2457,PI,MATIAS OLÍMPIO
2458,PI,MIGUEL ALVES
2459,PI,MILTON BRANDÃO
2460,PI,MONSENHOR GIL
2461,PI,MONSENHOR HIPÓLITO
2462,PI,MONTE ALEGRE DO PIAUÍ
2463,PI,MORRO CABEÇA NO TEMPO
2464,PI,MORRO DO CHAPÉU DO PIAUÍ
2465,PI,MURICI DOS PORTELAS
2466,PI,NAZARÉ DO PIAUÍ
2467,PI,NAZÁRIA
2468,PI,NOSSA SENHORA DE NAZARÉ
2469,PI,NOSSA SENHORA DOS REMÉDIOS
2470,PI,NOVA SANTA RITA
2471,PI,NOVO SANTO ANTÔNIO
2472,PI,OEIRAS
2473,PI,OLHO D´ÁGUA DO PIAUÍ
2474,PI,PADRE MARCOS
2475,PI,PAES LANDIM
2476,PI,PALMEIRA DO PIAUÍ
2477,PI,PALMEIRAIS
2478,PI,PARNAGUÁ
2479,PI,PARNAÍBA
2480,PI,PASSAGEM FRANCA DO PIAUÍ
2481,PI,PATOS DO PIAUÍ
2482,PI,PAULISTANA
2483,PI,PEDRO II
2484,PI,PICOS
2485,PI,PIMENTEIRAS
2486,PI,PIO IX
2487,PI,PIRACURUCA
2488,PI,PIRIPIRI
2489,PI,PORTO
2490,PI,PRATA DO PIAUÍ
2491,PI,REDENÇÃO DO GURGUÉIA
2492,PI,REGENERAÇÃO
2493,PI,RIBEIRO GONÇALVES
2494,PI,SANTA CRUZ DO PIAUÍ
2495,PI,SANTA CRUZ DOS MILAGRES
2496,PI,SANTA FILOMENA
2497,PI,SANTA ROSA DO PIAUÍ
2498,PI,SANTANA DO PIAUÍ
2499,PI,SANTO INÁCIO DO PIAUÍ
2500,PI,SEBASTIÃO LEAL
2501,PI,SIMPLÍCIO MENDES
2502,PI,SIMÕES
2503,PI,SOCORRO DO PIAUÍ
2504,PI,SUSSUAPARA
2505,PI,SÃO FRANCISCO DO PIAUÍ
2506,PI,SÃO FÉLIX DO PIAUÍ
2507,PI,SÃO JOSÉ DO PEIXE
2508,PI,SÃO JOÃO DA CANABRAVA
2509,PI,SÃO JOÃO DA SERRA
2510,PI,SÃO JOÃO DO ARRAIAL
2511,PI,SÃO JOÃO DO PIAUÍ
2512,PI,SÃO MIGUEL DA BAIXA GRANDE
2513,PI,SÃO MIGUEL DO TAPUIO
2514,PI,SÃO PEDRO DO PIAUÍ
2515,PI,SÃO RAIMUNDO NONATO
2516,PI,TERESINA
2517,PI,UNIÃO
2518,PI,URUÇUÍ
2519,PI,VALENÇA DO PIAUÍ
2520,PI,VILA NOVA DO PIAUÍ
2521,PI,VÁRZEA GRANDE
2522,PI,WALL FERRAZ
2523,PI,ÁGUA BRANCA
2524,PR,ABATIÁ
2525,PR,ADRIANÓPOLIS
2526,PR,AGUDOS DO SUL
2527,PR,ALMIRANTE TAMANDARÉ
2528,PR,ALTAMIRA DO PARANÁ
2529,PR,ALTO PARANÁ
2530,PR,ALTO PARAÍSO
2531,PR,ALTO PIQUIRI
2532,PR,ALTÔNIA
2533,PR,ALVORADA DO SUL
2534,PR,AMAPORÃ
2535,PR,AMPÉRE
2536,PR,ANAHY
2537,PR,ANDIRÁ
2538,PR,ANTONINA
2539,PR,ANTÔNIO OLINTO
2540,PR,APUCARANA
2541,PR,ARAPONGAS
2542,PR,ARAPOTI
2543,PR,ARARUNA
2544,PR,ARAUCÁRIA
2545,PR,ARIRANHA DO IVAÍ
2546,PR,ASSAÍ
2547,PR,ASSIS CHATEAUBRIAND
2548,PR,ASTORGA
2549,PR,ATALAIA
2550,PR,BALSA NOVA
2551,PR,BANDEIRANTES
2552,PR,BARBOSA FERRAZ
2553,PR,BARRACÃO
2554,PR,BELA VISTA DA CAROBA
2555,PR,BELA VISTA DO PARAÍSO
2556,PR,BITURUNA
2557,PR,BOA ESPERANÇA
2558,PR,BOA ESPERANÇA DO IGUAÇU
2559,PR,BOA VENTURA DE SÃO ROQUE
2560,PR,BOA VISTA DA APARECIDA
2561,PR,BOCAIÚVA DO SUL
2562,PR,BOM JESUS DO SUL
2563,PR,BOM SUCESSO
2564,PR,BORRAZÓPOLIS
2565,PR,BRAGANEY
2566,PR,BRASILÂNDIA DO SUL
2567,PR,CAFEARA
2568,PR,CAFELÂNDIA
2569,PR,CAFEZAL DO SUL
2570,PR,CALIFÓRNIA
2571,PR,CAMBARÁ
2572,PR,CAMBIRA
2573,PR,CAMBÉ
2574,PR,CAMPINA DA LAGOA
2575,PR,CAMPINA DO SIMÃO
2576,PR,CAMPINA GRANDE DO SUL
2577,PR,CAMPO BONITO
2578,PR,CAMPO DO TENENTE
2579,PR,CAMPO LARGO
2580,PR,CAMPO MAGRO
2581,PR,CAMPO MOURÃO
2582,PR,CANDÓI
2583,PR,CANTAGALO
2584,PR,CAPANEMA
2585,PR,CAPITÃO LEÔNIDAS MARQUES
2586,PR,CARAMBEÍ
2587,PR,CARLÓPOLIS
2588,PR,CASCAVEL
2589,PR,CASTRO
2590,PR,CATANDUVAS
2591,PR,CENTENÁRIO DO SUL
2592,PR,CERRO AZUL
2593,PR,CHOPINZINHO
2594,PR,CIANORTE
2595,PR,CIDADE GAÚCHA
2596,PR,CLEVELÂNDIA
2597,PR,COLOMBO
2598,PR,COLORADO
2599,PR,CONGONHINHAS
2600,PR,CONSELHEIRO MAIRINCK
2601,PR,CONTENDA
2602,PR,CORBÉLIA
2603,PR,CORNÉLIO PROCÓPIO
2604,PR,CORONEL DOMINGOS SOARES
2605,PR,CORONEL VIVIDA
2606,PR,CORUMBATAÍ DO SUL
2607,PR,CRUZ MACHADO
2608,PR,CRUZEIRO DO OESTE
2609,PR,CRUZEIRO DO SUL
2610,PR,CURITIBA
2611,PR,CURIÚVA
2612,PR,CÂNDIDO DE ABREU
2613,PR,CÉU AZUL
2614,PR,DIAMANTE DO NORTE
2615,PR,DIAMANTE DO SUL
2616,PR,DIAMANTE D´OESTE
2617,PR,DOIS VIZINHOS
2618,PR,DOURADINA
2619,PR,ENGENHEIRO BELTRÃO
2620,PR,ESPIGÃO ALTO DO IGUAÇU
2621,PR,FAXINAL
2622,PR,FAZENDA RIO GRANDE
2623,PR,FERNANDES PINHEIRO
2624,PR,FIGUEIRA
2625,PR,FLOR DA SERRA DO SUL
2626,PR,FLORAÍ
2627,PR,FLORESTA
2628,PR,FLORESTÓPOLIS
2629,PR,FORMOSA DO OESTE
2630,PR,FOZ DO IGUAÇU
2631,PR,FOZ DO JORDÃO
2632,PR,FRANCISCO ALVES
2633,PR,FRANCISCO BELTRÃO
2634,PR,FÊNIX
2635,PR,GENERAL CARNEIRO
2636,PR,GODOY MOREIRA
2637,PR,GOIOERÊ
2638,PR,GRANDES RIOS
2639,PR,GUAMIRANGA
2640,PR,GUAPIRAMA
2641,PR,GUARACI
2642,PR,GUARANIAÇU
2643,PR,GUARAPUAVA
2644,PR,GUARAQUEÇABA
2645,PR,GUARATUBA
2646,PR,GUAÍRA
2647,PR,IBAITI
2648,PR,IBIPORÃ
2649,PR,ICARAÍMA
2650,PR,IGUARAÇU
2651,PR,IGUATU
2652,PR,IMBAÚ
2653,PR,IMBITUVA
2654,PR,INAJÁ
2655,PR,INÁCIO MARTINS
2656,PR,IPIRANGA
2657,PR,IPORÃ
2658,PR,IRACEMA DO OESTE
2659,PR,IRATI
2660,PR,IRETAMA
2661,PR,ITAGUAJÉ
2662,PR,ITAIPULÂNDIA
2663,PR,ITAMBÉ
2664,PR,ITAPEJARA D´OESTE
2665,PR,ITAPERUÇU
2666,PR,IVAIPORÃ
2667,PR,IVATUBA
2668,PR,IVATÉ
2669,PR,IVAÍ
2670,PR,JACAREZINHO
2671,PR,JAGUAPITÃ
2672,PR,JAGUARIAÍVA
2673,PR,JANDAIA DO SUL
2674,PR,JANIÓPOLIS
2675,PR,JAPIRA
2676,PR,JAPURÁ
2677,PR,JARDIM ALEGRE
2678,PR,JATAIZINHO
2679,PR,JESUÍTAS
2680,PR,JOAQUIM TÁVORA
2681,PR,JUNDIAÍ DO SUL
2682,PR,JURANDA
2683,PR,JUSSARA
2684,PR,LAPA
2685,PR,LARANJEIRAS DO SUL
2686,PR,LEÓPOLIS
2687,PR,LINDOESTE
2688,PR,LOANDA
2689,PR,LOBATO
2690,PR,LONDRINA
2691,PR,LUIZIANA
2692,PR,LUPIONÓPOLIS
2693,PR,MALLET
2694,PR,MAMBORÊ
2695,PR,MANDAGUARI
2696,PR,MANDAGUAÇU
2697,PR,MANDIRITUBA
2698,PR,MANGUEIRINHA
2699,PR,MANOEL RIBAS
2700,PR,MARECHAL CÂNDIDO RONDON
2701,PR,MARIALVA
2702,PR,MARILENA
2703,PR,MARILUZ
2704,PR,MARILÂNDIA DO SUL
2705,PR,MARINGÁ
2706,PR,MARIPÁ
2707,PR,MARIÓPOLIS
2708,PR,MARMELEIRO
2709,PR,MARUMBI
2710,PR,MATELÂNDIA
2711,PR,MATINHOS
2712,PR,MAUÁ DA SERRA
2713,PR,MEDIANEIRA
2714,PR,MIRADOR
2715,PR,MIRASELVA
2716,PR,MISSAL
2717,PR,MOREIRA SALES
2718,PR,MORRETES
2719,PR,NOSSA SENHORA DAS GRAÇAS
2720,PR,NOVA ALIANÇA DO IVAÍ
2721,PR,NOVA AURORA
2722,PR,NOVA CANTU
2723,PR,NOVA ESPERANÇA
2724,PR,NOVA ESPERANÇA DO SUDOESTE
2725,PR,NOVA FÁTIMA
2726,PR,NOVA LARANJEIRAS
2727,PR,NOVA LONDRINA
2728,PR,NOVA PRATA DO IGUAÇU
2729,PR,NOVA SANTA BÁRBARA
2730,PR,NOVA SANTA ROSA
2731,PR,NOVA TEBAS
2732,PR,ORTIGUEIRA
2733,PR,OURIZONA
2734,PR,OURO VERDE DO OESTE
2735,PR,PAIÇANDU
2736,PR,PALMAS
2737,PR,PALMEIRA
2738,PR,PALMITAL
2739,PR,PALOTINA
2740,PR,PARANACITY
2741,PR,PARANAGUÁ
2742,PR,PARANAVAÍ
2743,PR,PARAÍSO DO NORTE
2744,PR,PATO BRAGADO
2745,PR,PATO BRANCO
2746,PR,PEABIRU
2747,PR,PINHAIS
2748,PR,PINHALÃO
2749,PR,PINHÃO
2750,PR,PIRAQUARA
2751,PR,PIRAÍ DO SUL
2752,PR,PITANGA
2753,PR,PITANGUEIRAS
2754,PR,PIÊN
2755,PR,PLANALTINA DO PARANÁ
2756,PR,PLANALTO
2757,PR,PONTA GROSSA
2758,PR,PONTAL DO PARANÁ
2759,PR,PORECATU
2760,PR,PORTO AMAZONAS
2761,PR,PORTO BARREIRO
2762,PR,PRADO FERREIRA
2763,PR,PRANCHITA
2764,PR,PRIMEIRO DE MAIO
2765,PR,PRUDENTÓPOLIS
2766,PR,PÉROLA
2767,PR,PÉROLA D´OESTE
2768,PR,QUATIGUÁ
2769,PR,QUATRO BARRAS
2770,PR,QUEDAS DO IGUAÇU
2771,PR,QUERÊNCIA DO NORTE
2772,PR,QUINTA DO SOL
2773,PR,QUITANDINHA
2774,PR,REALEZA
2775,PR,REBOUÇAS
2776,PR,RESERVA
2777,PR,RESERVA DO IGUAÇU
2778,PR,RIBEIRÃO CLARO
2779,PR,RIBEIRÃO DO PINHAL
2780,PR,RIO AZUL
2781,PR,RIO BOM
2782,PR,RIO BONITO DO IGUAÇU
2783,PR,RIO BRANCO DO IVAÍ
2784,PR,RIO BRANCO DO SUL
2785,PR,RIO NEGRO
2786,PR,ROLÂNDIA
2787,PR,RONCADOR
2788,PR,RONDON
2789,PR,ROSÁRIO DO IVAÍ
2790,PR,SABÁUDIA
2791,PR,SALGADO FILHO
2792,PR,SALTO DO LONTRA
2793,PR,SANTA CECÍLIA DO PAVÃO
2794,PR,SANTA CRUZ DE MONTE CASTELO
2795,PR,SANTA FÉ
2796,PR,SANTA HELENA
2797,PR,SANTA INÊS
2798,PR,SANTA ISABEL DO IVAÍ
2799,PR,SANTA IZABEL DO OESTE
2800,PR,SANTA MARIA DO OESTE
2801,PR,SANTA MARIANA
2802,PR,SANTA TEREZA DO OESTE
2803,PR,SANTA TEREZINHA DE ITAIPU
2804,PR,SANTANA DO ITARARÉ
2805,PR,SANTO ANTÔNIO DA PLATINA
2806,PR,SANTO ANTÔNIO DO SUDOESTE
2807,PR,SANTO INÁCIO
2808,PR,SAPOPEMA
2809,PR,SARANDI
2810,PR,SAUDADE DO IGUAÇU
2811,PR,SENGÉS
2812,PR,SERTANEJA
2813,PR,SERTANÓPOLIS
2814,PR,SIQUEIRA CAMPOS
2815,PR,SULINA
2816,PR,SÃO JERÔNIMO DA SERRA
2817,PR,SÃO JORGE DO PATROCÍNIO
2818,PR,SÃO JORGE D´OESTE
2819,PR,SÃO JOSÉ DOS PINHAIS
2820,PR,SÃO JOÃO
2821,PR,SÃO JOÃO DO CAIUÁ
2822,PR,SÃO JOÃO DO IVAÍ
2823,PR,SÃO JOÃO DO TRIUNFO
2824,PR,SÃO MANOEL DO PARANÁ
2825,PR,SÃO MATEUS DO SUL
2826,PR,SÃO MIGUEL DO IGUAÇU
2827,PR,SÃO PEDRO DO IVAÍ
2828,PR,SÃO SEBASTIÃO DA AMOREIRA
2829,PR,SÃO TOMÉ
2830,PR,TAMARANA
2831,PR,TAMBOARA
2832,PR,TAPEJARA
2833,PR,TEIXEIRA SOARES
2834,PR,TELÊMACO BORBA
2835,PR,TERRA BOA
2836,PR,TERRA RICA
2837,PR,TERRA ROXA
2838,PR,TIBAGI
2839,PR,TIJUCAS DO SUL
2840,PR,TOLEDO
2841,PR,TOMAZINA
2842,PR,TRÊS BARRAS DO PARANÁ
2843,PR,TUNAS DO PARANÁ
2844,PR,TUNEIRAS DO OESTE
2845,PR,TUPÃSSI
2846,PR,TURVO
2847,PR,UBIRATÃ
2848,PR,UMUARAMA
2849,PR,UNIFLOR
2850,PR,UNIÃO DA VITÓRIA
2851,PR,URAÍ
2852,PR,VENTANIA
2853,PR,VERA CRUZ DO OESTE
2854,PR,VERÊ
2855,PR,VIRMOND
2856,PR,VITORINO
2857,PR,WENCESLAU BRAZ
2858,RJ,ANGRA DOS REIS
2859,RJ,APERIBÉ
2860,RJ,ARARUAMA
2861,RJ,AREAL
2862,RJ,ARMAÇÃO DOS BÚZIOS
2863,RJ,ARRAIAL DO CABO
2864,RJ,BARRA DO PIRAÍ
2865,RJ,BARRA MANSA
2866,RJ,BELFORD ROXO
2867,RJ,BOM JARDIM
2868,RJ,BOM JESUS DO ITABAPOANA
2869,RJ,CABO FRIO
2870,RJ,CACHOEIRAS DE MACACU
2871,RJ,CAMBUCI
2872,RJ,CAMPOS DOS GOYTACAZES
2873,RJ,CANTAGALO
2874,RJ,CARAPEBUS
2875,RJ,CARDOSO MOREIRA
2876,RJ,CARMO
2877,RJ,CASIMIRO DE ABREU
2878,RJ,COMENDADOR LEVY GASPARIAN
2879,RJ,CONCEIÇÃO DE MACABU
2880,RJ,CORDEIRO
2881,RJ,DUAS BARRAS
2882,RJ,DUQUE DE CAXIAS
2883,RJ,ENGENHEIRO PAULO DE FRONTIN
2884,RJ,GUAPIMIRIM
2885,RJ,IGUABA GRANDE
2886,RJ,ITABORAÍ
2887,RJ,ITAGUAÍ
2888,RJ,ITALVA
2889,RJ,ITAOCARA
2890,RJ,ITAPERUNA
2891,RJ,ITATIAIA
2892,RJ,JAPERI
2893,RJ,LAJE DO MURIAÉ
2894,RJ,MACAÉ
2895,RJ,MACUCO
2896,RJ,MAGÉ
2897,RJ,MANGARATIBA
2898,RJ,MARICÁ
2899,RJ,MENDES
2900,RJ,MESQUITA
2901,RJ,MIGUEL PEREIRA
2902,RJ,MIRACEMA
2903,RJ,NATIVIDADE
2904,RJ,NILÓPOLIS
2905,RJ,NITERÓI
2906,RJ,NOVA FRIBURGO
2907,RJ,NOVA IGUAÇU
2908,RJ,PARACAMBI
2909,RJ,PARATI
2910,RJ,PARAÍBA DO SUL
2911,RJ,PATY DO ALFERES
2912,RJ,PETRÓPOLIS
2913,RJ,PINHEIRAL
2914,RJ,PIRAÍ
2915,RJ,PORCIÚNCULA
2916,RJ,PORTO REAL
2917,RJ,QUATIS
2918,RJ,QUEIMADOS
2919,RJ,QUISSAMÃ
2920,RJ,RESENDE
2921,RJ,RIO BONITO
2922,RJ,RIO CLARO
2923,RJ,RIO DAS FLORES
2924,RJ,RIO DAS OSTRAS
2925,RJ,RIO DE JANEIRO
2926,RJ,SANTA MARIA MADALENA
2927,RJ,SANTO ANTÔNIO DE PÁDUA
2928,RJ,SAPUCAIA
2929,RJ,SAQUAREMA
2930,RJ,SEROPÉDICA
2931,RJ,SILVA JARDIM
2932,RJ,SUMIDOURO
2933,RJ,SÃO FIDÉLIS
2934,RJ,SÃO FRANCISCO DE ITABAPOANA
2935,RJ,SÃO GONÇALO
2936,RJ,SÃO JOSÉ DE UBÁ
2937,RJ,SÃO JOSÉ DO VALE DO RIO PRETO
2938,RJ,SÃO JOÃO DA BARRA
2939,RJ,SÃO JOÃO DE MERITI
2940,RJ,SÃO PEDRO DA ALDEIA
2941,RJ,SÃO SEBASTIÃO DO ALTO
2942,RJ,TANGUÁ
2943,RJ,TERESÓPOLIS
2944,RJ,TRAJANO DE MORAIS
2945,RJ,TRÊS RIOS
2946,RJ,VALENÇA
2947,RJ,VARRE-SAI
2948,RJ,VASSOURAS
2949,RJ,VOLTA REDONDA
2950,RN,ACARI
2951,RN,AFONSO BEZERRA
2952,RN,ALEXANDRIA
2953,RN,ALTO DO RODRIGUES
2954,RN,ANGICOS
2955,RN,APODI
2956,RN,AREIA BRANCA
2957,RN,AUGUSTO SEVERO
2958,RN,AÇU
2959,RN,BARAÚNA
2960,RN,BAÍA FORMOSA
2961,RN,BODÓ
2962,RN,BOM JESUS
2963,RN,BREJINHO
2964,RN,CAICÓ
2965,RN,CANGUARETAMA
2966,RN,CARAÚBAS
2967,RN,CARNAUBAIS
2968,RN,CEARÁ-MIRIM
2969,RN,CERRO CORÁ
2970,RN,CURRAIS NOVOS
2971,RN,EQUADOR
2972,RN,EXTREMOZ
2973,RN,FELIPE GUERRA
2974,RN,FLORÂNIA
2975,RN,GOIANINHA
2976,RN,GOVERNADOR DIX-SEPT ROSADO
2977,RN,GROSSOS
2978,RN,GUAMARÉ
2979,RN,IELMO MARINHO
2980,RN,IPANGUAÇU
2981,RN,ITAÚ
2982,RN,JAPI
2983,RN,JARDIM DE PIRANHAS
2984,RN,JARDIM DO SERIDÓ
2985,RN,JOÃO CÂMARA
2986,RN,JUCURUTU
2987,RN,LAGOA DE PEDRAS
2988,RN,LAGOA D´ANTA
2989,RN,LAGOA NOVA
2990,RN,LAJES
2991,RN,LUCRÉCIA
2992,RN,LUÍS GOMES
2993,RN,MACAU
2994,RN,MACAÍBA
2995,RN,MARCELINO VIEIRA
2996,RN,MARTINS
2997,RN,MAXARANGUAPE
2998,RN,MONTANHAS
2999,RN,MONTE ALEGRE
3000,RN,MONTE DAS GAMELEIRAS
3001,RN,MOSSORÓ
3002,RN,NATAL
3003,RN,NOVA CRUZ
3004,RN,NÍSIA FLORESTA
3005,RN,OURO BRANCO
3006,RN,PARELHAS
3007,RN,PARNAMIRIM
3008,RN,PASSA E FICA
3009,RN,PATU
3010,RN,PAU DOS FERROS
3011,RN,PEDRA GRANDE
3012,RN,PEDRO VELHO
3013,RN,PENDÊNCIAS
3014,RN,PORTALEGRE
3015,RN,POÇO BRANCO
3016,RN,PRESIDENTE JUSCELINO
3017,RN,RIACHUELO
3018,RN,RIO DO FOGO
3019,RN,SANTA CRUZ
3020,RN,SANTANA DO MATOS
3021,RN,SANTO ANTÔNIO
3022,RN,SERRA DE SÃO BENTO
3023,RN,SERRA DO MEL
3024,RN,SERRINHA DOS PINTOS
3025,RN,SÃO BENTO DO NORTE
3026,RN,SÃO BENTO DO TRAIRÍ
3027,RN,SÃO FRANCISCO DO OESTE
3028,RN,SÃO GONÇALO DO AMARANTE
3029,RN,SÃO JOSÉ DE MIPIBU
3030,RN,SÃO JOSÉ DO CAMPESTRE
3031,RN,SÃO MIGUEL
3032,RN,SÃO MIGUEL DO GOSTOSO
3033,RN,SÃO PAULO DO POTENGI
3034,RN,SÃO RAFAEL
3035,RN,TAIPU
3036,RN,TANGARÁ
3037,RN,TENENTE ANANIAS
3038,RN,TENENTE LAURENTINO CRUZ
3039,RN,TIBAU
3040,RN,TIBAU DO SUL
3041,RN,TIMBAÚBA DOS BATISTAS
3042,RN,TOUROS
3043,RN,UMARIZAL
3044,RN,UPANEMA
3045,RN,VERA CRUZ
3046,RO,ALTA FLORESTA D´OESTE
3047,RO,ALTO ALEGRE DOS PARECIS
3048,RO,ALTO PARAÍSO
3049,RO,ALVORADA D´OESTE
3050,RO,ARIQUEMES
3051,RO,BURITIS
3052,RO,CACOAL
3053,RO,CAMPO NOVO DE RONDÔNIA
3054,RO,CANDEIAS DO JAMARI
3055,RO,CEREJEIRAS
3056,RO,CHUPINGUAIA
3057,RO,COLORADO DO OESTE
3058,RO,COSTA MARQUES
3059,RO,CUJUBIM
3060,RO,ESPIGÃO D´OESTE
3061,RO,GUAJARÁ-MIRIM
3062,RO,ITAPUÃ DO OESTE
3063,RO,JARU
3064,RO,JI-PARANÁ
3065,RO,MACHADINHO D´OESTE
3066,RO,MIRANTE DA SERRA
3067,RO,MONTE NEGRO
3068,RO,NOVA BRASILÂNDIA D´OESTE
3069,RO,NOVA MAMORÉ
3070,RO,NOVO HORIZONTE DO OESTE
3071,RO,OURO PRETO DO OESTE
3072,RO,PIMENTA BUENO
3073,RO,PIMENTEIRAS DO OESTE
3074,RO,PORTO VELHO
3075,RO,PRESIDENTE MÉDICI
3076,RO,ROLIM DE MOURA
3077,RO,SERINGUEIRAS
3078,RO,SÃO FELIPE D´OESTE
3079,RO,SÃO FRANCISCO DO GUAPORÉ
3080,RO,SÃO MIGUEL DO GUAPORÉ
3081,RO,THEOBROMA
3082,RO,URUPÁ
3083,RO,VALE DO ANARI
3084,RO,VALE DO PARAÍSO
3085,RO,VILHENA
3086,RR,ALTO ALEGRE
3087,RR,AMAJARI
3088,RR,BOA VISTA
3089,RR,BONFIM
3090,RR,CANTÁ
3091,RR,CARACARAÍ
3092,RR,CAROEBE
3093,RR,IRACEMA
3094,RR,MUCAJAÍ
3095,RR,NORMANDIA
3096,RR,PACARAIMA
3097,RR,RORAINÓPOLIS
3098,RR,SÃO JOÃO DA BALIZA
3099,RR,SÃO LUIZ
3100,RR,UIRAMUTÃ
3101,RS,ACEGUÁ
3102,RS,AGUDO
3103,RS,ALECRIM
3104,RS,ALEGRETE
3105,RS,ALPESTRE
3106,RS,ALVORADA
3107,RS,AMARAL FERRADOR
3108,RS,AMETISTA DO SUL
3109,RS,ANTA GORDA
3110,RS,ANTÔNIO PRADO
3111,RS,ARAMBARÉ
3112,RS,ARARICÁ
3113,RS,ARROIO DO MEIO
3114,RS,ARROIO DO SAL
3115,RS,ARROIO DO TIGRE
3116,RS,ARROIO DOS RATOS
3117,RS,ARROIO GRANDE
3118,RS,ARVOREZINHA
3119,RS,BAGÉ
3120,RS,BALNEÁRIO PINHAL
3121,RS,BARRA DO RIBEIRO
3122,RS,BARROS CASSAL
3123,RS,BARÃO
3124,RS,BARÃO DE COTEGIPE
3125,RS,BENTO GONÇALVES
3126,RS,BOA VISTA DO BURICÁ
3127,RS,BOM JESUS
3128,RS,BOM PRINCÍPIO
3129,RS,BOM PROGRESSO
3130,RS,BOM RETIRO DO SUL
3131,RS,BOQUEIRÃO DO LEÃO
3132,RS,BUTIÁ
3133,RS,CACEQUI
3134,RS,CACHOEIRA DO SUL
3135,RS,CACHOEIRINHA
3136,RS,CAIBATÉ
3137,RS,CAMAQUÃ
3138,RS,CAMARGO
3139,RS,CAMBARÁ DO SUL
3140,RS,CAMPESTRE DA SERRA
3141,RS,CAMPINAS DO SUL
3142,RS,CAMPO BOM
3143,RS,CAMPO NOVO
3144,RS,CAMPOS BORGES
3145,RS,CANDELÁRIA
3146,RS,CANELA
3147,RS,CANGUÇU
3148,RS,CANOAS
3149,RS,CAPÃO DA CANOA
3150,RS,CAPÃO DO LEÃO
3151,RS,CARAZINHO
3152,RS,CARAÁ
3153,RS,CARLOS BARBOSA
3154,RS,CASCA
3155,RS,CAXIAS DO SUL
3156,RS,CAÇAPAVA DO SUL
3157,RS,CERRITO
3158,RS,CERRO GRANDE DO SUL
3159,RS,CERRO LARGO
3160,RS,CHARQUEADAS
3161,RS,CHIAPETTA
3162,RS,CHUÍ
3163,RS,CIDREIRA
3164,RS,CONSTANTINA
3165,RS,CORONEL BICACO
3166,RS,CRISSIUMAL
3167,RS,CRISTAL
3168,RS,CRUZ ALTA
3169,RS,CRUZEIRO DO SUL
3170,RS,DOIS IRMÃOS
3171,RS,DOM FELICIANO
3172,RS,DOM PEDRITO
3173,RS,ELDORADO DO SUL
3174,RS,ENCANTADO
3175,RS,ENCRUZILHADA DO SUL
3176,RS,ENTRE-IJUÍS
3177,RS,ERECHIM
3178,RS,ERVAL GRANDE
3179,RS,ERVAL SECO
3180,RS,ESMERALDA
3181,RS,ESPUMOSO
3182,RS,ESTAÇÃO
3183,RS,ESTEIO
3184,RS,ESTRELA
3185,RS,ESTÂNCIA VELHA
3186,RS,FARROUPILHA
3187,RS,FAXINAL DO SOTURNO
3188,RS,FAZENDA VILANOVA
3189,RS,FELIZ
3190,RS,FLORES DA CUNHA
3191,RS,FONTOURA XAVIER
3192,RS,FORMIGUEIRO
3193,RS,FREDERICO WESTPHALEN
3194,RS,GARIBALDI
3195,RS,GENERAL CÂMARA
3196,RS,GETÚLIO VARGAS
3197,RS,GIRUÁ
3198,RS,GLORINHA
3199,RS,GRAMADO
3200,RS,GRAVATAÍ
3201,RS,GUAPORÉ
3202,RS,GUAÍBA
3203,RS,HARMONIA
3204,RS,HERVAL
3205,RS,HORIZONTINA
3206,RS,HULHA NEGRA
3207,RS,HUMAITÁ
3208,RS,IBIRUBÁ
3209,RS,IGREJINHA
3210,RS,IJUÍ
3211,RS,ILÓPOLIS
3212,RS,IMBÉ
3213,RS,IRAÍ
3214,RS,ITACURUBI
3215,RS,ITAPUCA
3216,RS,ITAQUI
3217,RS,IVOTI
3218,RS,JACUIZINHO
3219,RS,JAGUARI
3220,RS,JAGUARÃO
3221,RS,JAQUIRANA
3222,RS,JÓIA
3223,RS,JÚLIO DE CASTILHOS
3224,RS,LAGOA VERMELHA
3225,RS,LAJEADO
3226,RS,LAVRAS DO SUL
3227,RS,LIBERATO SALZANO
3228,RS,MACHADINHO
3229,RS,MARAU
3230,RS,MARIANA PIMENTEL
3231,RS,MINAS DO LEÃO
3232,RS,MONTENEGRO
3233,RS,MORMAÇO
3234,RS,MORRO REDONDO
3235,RS,MOSTARDAS
3236,RS,MUÇUM
3237,RS,NONOAI
3238,RS,NOVA BOA VISTA
3239,RS,NOVA ESPERANÇA DO SUL
3240,RS,NOVA HARTZ
3241,RS,NOVA PETRÓPOLIS
3242,RS,NOVA PRATA
3243,RS,NOVA SANTA RITA
3244,RS,NOVO CABRAIS
3245,RS,NOVO HAMBURGO
3246,RS,NÃO-ME-TOQUE
3247,RS,OSÓRIO
3248,RS,PAIM FILHO
3249,RS,PALMARES DO SUL
3250,RS,PALMEIRA DAS MISSÕES
3251,RS,PALMITINHO
3252,RS,PANAMBI
3253,RS,PANTANO GRANDE
3254,RS,PARAÍ
3255,RS,PARAÍSO DO SUL
3256,RS,PAROBÉ
3257,RS,PASSA SETE
3258,RS,PASSO FUNDO
3259,RS,PEDRO OSÓRIO
3260,RS,PELOTAS
3261,RS,PICADA CAFÉ
3262,RS,PINHEIRO MACHADO
3263,RS,PIRATINI
3264,RS,PLANALTO
3265,RS,PORTO ALEGRE
3266,RS,PORTO XAVIER
3267,RS,PORTÃO
3268,RS,PUTINGA
3269,RS,QUARAÍ
3270,RS,QUINZE DE NOVEMBRO
3271,RS,REDENTORA
3272,RS,RESTINGA SECA
3273,RS,RIO GRANDE
3274,RS,RIO PARDO
3275,RS,ROCA SALES
3276,RS,RODEIO BONITO
3277,RS,ROLANTE
3278,RS,RONDA ALTA
3279,RS,RONDINHA
3280,RS,ROSÁRIO DO SUL
3281,RS,SALDANHA MARINHO
3282,RS,SALTO DO JACUÍ
3283,RS,SALVADOR DO SUL
3284,RS,SANANDUVA
3285,RS,SANTA BÁRBARA DO SUL
3286,RS,SANTA CRUZ DO SUL
3287,RS,SANTA MARIA
3288,RS,SANTA MARIA DO HERVAL
3289,RS,SANTA ROSA
3290,RS,SANTA VITÓRIA DO PALMAR
3291,RS,SANTANA DA BOA VISTA
3292,RS,SANTANA DO LIVRAMENTO
3293,RS,SANTIAGO
3294,RS,SANTO ANTÔNIO DA PATRULHA
3295,RS,SANTO ANTÔNIO DAS MISSÕES
3296,RS,SANTO AUGUSTO
3297,RS,SANTO CRISTO
3298,RS,SANTO ÂNGELO
3299,RS,SAPIRANGA
3300,RS,SAPUCAIA DO SUL
3301,RS,SARANDI
3302,RS,SEBERI
3303,RS,SEGREDO
3304,RS,SELBACH
3305,RS,SENTINELA DO SUL
3306,RS,SERAFINA CORRÊA
3307,RS,SERTÃO
3308,RS,SERTÃO SANTANA
3309,RS,SILVEIRA MARTINS
3310,RS,SINIMBU
3311,RS,SOBRADINHO
3312,RS,SOLEDADE
3313,RS,SÃO BORJA
3314,RS,SÃO DOMINGOS DO SUL
3315,RS,SÃO FRANCISCO DE ASSIS
3316,RS,SÃO FRANCISCO DE PAULA
3317,RS,SÃO GABRIEL
3318,RS,SÃO JERÔNIMO
3319,RS,SÃO JOSÉ DO NORTE
3320,RS,SÃO JOSÉ DO OURO
3321,RS,SÃO JOSÉ DOS AUSENTES
3322,RS,SÃO JOÃO DA URTIGA
3323,RS,SÃO JOÃO DO POLÊSINE
3324,RS,SÃO LEOPOLDO
3325,RS,SÃO LOURENÇO DO SUL
3326,RS,SÃO LUIZ GONZAGA
3327,RS,SÃO MARCOS
3328,RS,SÃO MARTINHO
3329,RS,SÃO MIGUEL DAS MISSÕES
3330,RS,SÃO PAULO DAS MISSÕES
3331,RS,SÃO PEDRO DO SUL
3332,RS,SÃO SEBASTIÃO DO CAÍ
3333,RS,SÃO SEPÉ
3334,RS,SÃO VALÉRIO DO SUL
3335,RS,SÃO VICENTE DO SUL
3336,RS,TABAÍ
3337,RS,TAPEJARA
3338,RS,TAPERA
3339,RS,TAPES
3340,RS,TAQUARA
3341,RS,TAQUARI
3342,RS,TENENTE PORTELA
3343,RS,TERRA DE AREIA
3344,RS,TEUTÔNIA
3345,RS,TIO HUGO
3346,RS,TORRES
3347,RS,TRAMANDAÍ
3348,RS,TRINDADE DO SUL
3349,RS,TRIUNFO
3350,RS,TRÊS CACHOEIRAS
3351,RS,TRÊS COROAS
3352,RS,TRÊS DE MAIO
3353,RS,TRÊS PASSOS
3354,RS,TUNAS
3355,RS,TUPANCIRETÃ
3356,RS,TURUÇU
3357,RS,URUGUAIANA
3358,RS,VACARIA
3359,RS,VALE DO SOL
3360,RS,VENÂNCIO AIRES
3361,RS,VERA CRUZ
3362,RS,VERANÓPOLIS
3363,RS,VIAMÃO
3364,RS,VILA FLORES
3365,RS,VITÓRIA DAS MISSÕES
3366,RS,XANGRI-LÁ
3367,SC,ABELARDO LUZ
3368,SC,AGROLÂNDIA
3369,SC,AGRONÔMICA
3370,SC,ALFREDO WAGNER
3371,SC,ANCHIETA
3372,SC,ANITA GARIBALDI
3373,SC,ANITÁPOLIS
3374,SC,ANTÔNIO CARLOS
3375,SC,APIÚNA
3376,SC,ARAQUARI
3377,SC,ARARANGUÁ
3378,SC,ARMAZÉM
3379,SC,ASCURRA
3380,SC,BALNEÁRIO ARROIO DO SILVA
3381,SC,BALNEÁRIO BARRA DO SUL
3382,SC,BALNEÁRIO CAMBORIÚ
3383,SC,BALNEÁRIO GAIVOTA
3384,SC,BALNEÁRIO PIÇARRAS
3385,SC,BALNEÁRIO RINCÃO
3386,SC,BARRA VELHA
3387,SC,BELA VISTA DO TOLDO
3388,SC,BENEDITO NOVO
3389,SC,BIGUAÇU
3390,SC,BLUMENAU
3391,SC,BOCAINA DO SUL
3392,SC,BOM JARDIM DA SERRA
3393,SC,BOM JESUS
3394,SC,BOM RETIRO
3395,SC,BOMBINHAS
3396,SC,BRAÇO DO NORTE
3397,SC,BRUSQUE
3398,SC,CAIBI
3399,SC,CAMBORIÚ
3400,SC,CAMPO ALEGRE
3401,SC,CAMPO BELO DO SUL
3402,SC,CAMPO ERÊ
3403,SC,CAMPOS NOVOS
3404,SC,CANELINHA
3405,SC,CANOINHAS
3406,SC,CAPINZAL
3407,SC,CAPIVARI DE BAIXO
3408,SC,CATANDUVAS
3409,SC,CAÇADOR
3410,SC,CHAPECÓ
3411,SC,COCAL DO SUL
3412,SC,CONCÓRDIA
3413,SC,CORONEL FREITAS
3414,SC,CORONEL MARTINS
3415,SC,CORREIA PINTO
3416,SC,CORUPÁ
3417,SC,CRICIÚMA
3418,SC,CUNHA PORÃ
3419,SC,CURITIBANOS
3420,SC,DESCANSO
3421,SC,DIONÍSIO CERQUEIRA
3422,SC,ERVAL VELHO
3423,SC,FAXINAL DOS GUEDES
3424,SC,FLORIANÓPOLIS
3425,SC,FORQUILHINHA
3426,SC,FRAIBURGO
3427,SC,FREI ROGÉRIO
3428,SC,GALVÃO
3429,SC,GAROPABA
3430,SC,GARUVA
3431,SC,GASPAR
3432,SC,GOVERNADOR CELSO RAMOS
3433,SC,GRAVATAL
3434,SC,GUABIRUBA
3435,SC,GUARACIABA
3436,SC,GUARAMIRIM
3437,SC,HERVAL D´OESTE
3438,SC,IBIRAMA
3439,SC,ILHOTA
3440,SC,IMARUÍ
3441,SC,IMBITUBA
3442,SC,INDAIAL
3443,SC,IPIRA
3444,SC,IPORÃ DO OESTE
3445,SC,IPUAÇU
3446,SC,IPUMIRIM
3447,SC,IRANI
3448,SC,IRINEÓPOLIS
3449,SC,ITAIÓPOLIS
3450,SC,ITAJAÍ
3451,SC,ITAPEMA
3452,SC,ITAPIRANGA
3453,SC,ITAPOÁ
3454,SC,ITUPORANGA
3455,SC,ITÁ
3456,SC,IÇARA
3457,SC,JAGUARUNA
3458,SC,JARAGUÁ DO SUL
3459,SC,JOAÇABA
3460,SC,JOINVILLE
3461,SC,JOSÉ BOITEUX
3462,SC,LAGES
3463,SC,LAGUNA
3464,SC,LAURO MULLER
3465,SC,LEBON RÉGIS
3466,SC,LONTRAS
3467,SC,LUIZ ALVES
3468,SC,LUZERNA
3469,SC,MAFRA
3470,SC,MAJOR VIEIRA
3471,SC,MARAVILHA
3472,SC,MASSARANDUBA
3473,SC,MODELO
3474,SC,MONDAÍ
3475,SC,MONTE CASTELO
3476,SC,MORRO DA FUMAÇA
3477,SC,NAVEGANTES
3478,SC,NOVA ERECHIM
3479,SC,NOVA ITABERABA
3480,SC,NOVA TRENTO
3481,SC,NOVA VENEZA
3482,SC,ORLEANS
3483,SC,OTACÍLIO COSTA
3484,SC,OURO
3485,SC,PALHOÇA
3486,SC,PALMA SOLA
3487,SC,PALMITOS
3488,SC,PAPANDUVA
3489,SC,PARAÍSO
3490,SC,PASSO DE TORRES
3491,SC,PASSOS MAIA
3492,SC,PENHA
3493,SC,PERITIBA
3494,SC,PINHALZINHO
3495,SC,POMERODE
3496,SC,PONTE ALTA
3497,SC,PONTE SERRADA
3498,SC,PORTO BELO
3499,SC,PORTO UNIÃO
3500,SC,POUSO REDONDO
3501,SC,PRAIA GRANDE
3502,SC,PRESIDENTE GETÚLIO
3503,SC,QUILOMBO
3504,SC,RANCHO QUEIMADO
3505,SC,RIO DO CAMPO
3506,SC,RIO DO OESTE
3507,SC,RIO DO SUL
3508,SC,RIO DOS CEDROS
3509,SC,RIO NEGRINHO
3510,SC,RODEIO
3511,SC,ROMELÂNDIA
3512,SC,SANGÃO
3513,SC,SANTA CECÍLIA
3514,SC,SANTA ROSA DO SUL
3515,SC,SANTO AMARO DA IMPERATRIZ
3516,SC,SAUDADES
3517,SC,SCHROEDER
3518,SC,SEARA
3519,SC,SERRA ALTA
3520,SC,SIDERÓPOLIS
3521,SC,SOMBRIO
3522,SC,SUL BRASIL
3523,SC,SÃO BENTO DO SUL
3524,SC,SÃO CARLOS
3525,SC,SÃO DOMINGOS
3526,SC,SÃO FRANCISCO DO SUL
3527,SC,SÃO JOAQUIM
3528,SC,SÃO JOSÉ
3529,SC,SÃO JOSÉ DO CEDRO
3530,SC,SÃO JOÃO BATISTA
3531,SC,SÃO JOÃO DO SUL
3532,SC,SÃO LOURENÇO DO OESTE
3533,SC,SÃO LUDGERO
3534,SC,SÃO MIGUEL DO OESTE
3535,SC,TAIÓ
3536,SC,TIJUCAS
3537,SC,TIMBÓ
3538,SC,TIMBÓ GRANDE
3539,SC,TREZE DE MAIO
3540,SC,TREZE TÍLIAS
3541,SC,TRÊS BARRAS
3542,SC,TUBARÃO
3543,SC,TURVO
3544,SC,URUBICI
3545,SC,URUPEMA
3546,SC,URUSSANGA
3547,SC,VARGEM BONITA
3548,SC,VIDEIRA
3549,SC,XANXERÊ
3550,SC,XAXIM
3551,SC,ÁGUA DOCE
3552,SC,ÁGUAS MORNAS
3553,SE,AQUIDABÃ
3554,SE,ARACAJU
3555,SE,ARAUÁ
3556,SE,AREIA BRANCA
3557,SE,BARRA DOS COQUEIROS
3558,SE,BOQUIM
3559,SE,BREJO GRANDE
3560,SE,CAMPO DO BRITO
3561,SE,CANINDÉ DE SÃO FRANCISCO
3562,SE,CAPELA
3563,SE,CARIRA
3564,SE,CARMÓPOLIS
3565,SE,CRISTINÁPOLIS
3566,SE,ESTÂNCIA
3567,SE,GARARU
3568,SE,ILHA DAS FLORES
3569,SE,INDIAROBA
3570,SE,ITABAIANA
3571,SE,ITABAIANINHA
3572,SE,ITABI
3573,SE,ITAPORANGA D´AJUDA
3574,SE,JAPARATUBA
3575,SE,JAPOATÃ
3576,SE,LAGARTO
3577,SE,LARANJEIRAS
3578,SE,MACAMBIRA
3579,SE,MALHADOR
3580,SE,MARUIM
3581,SE,MONTE ALEGRE DE SERGIPE
3582,SE,MURIBECA
3583,SE,NEÓPOLIS
3584,SE,NOSSA SENHORA APARECIDA
3585,SE,NOSSA SENHORA DA GLÓRIA
3586,SE,NOSSA SENHORA DAS DORES
3587,SE,NOSSA SENHORA DE LOURDES
3588,SE,NOSSA SENHORA DO SOCORRO
3589,SE,PACATUBA
3590,SE,PEDRINHAS
3591,SE,PINHÃO
3592,SE,PIRAMBU
3593,SE,PORTO DA FOLHA
3594,SE,POÇO REDONDO
3595,SE,POÇO VERDE
3596,SE,PROPRIÁ
3597,SE,RIACHÃO DO DANTAS
3598,SE,RIBEIRÓPOLIS
3599,SE,ROSÁRIO DO CATETE
3600,SE,SALGADO
3601,SE,SANTA LUZIA DO ITANHY
3602,SE,SANTA ROSA DE LIMA
3603,SE,SANTO AMARO DAS BROTAS
3604,SE,SIMÃO DIAS
3605,SE,SÃO CRISTÓVÃO
3606,SE,SÃO DOMINGOS
3607,SE,TOBIAS BARRETO
3608,SE,TOMAR DO GERU
3609,SE,UMBAÚBA
3610,SP,ADAMANTINA
3611,SP,AGUAÍ
3612,SP,AGUDOS
3613,SP,ALFREDO MARCONDES
3614,SP,ALTINÓPOLIS
3615,SP,ALUMÍNIO
3616,SP,ALVINLÂNDIA
3617,SP,AMERICANA
3618,SP,AMPARO
3619,SP,AMÉRICO BRASILIENSE
3620,SP,AMÉRICO DE CAMPOS
3621,SP,ANDRADINA
3622,SP,ANGATUBA
3623,SP,ANHEMBI
3624,SP,APARECIDA
3625,SP,APARECIDA D´OESTE
3626,SP,APIAÍ
3627,SP,ARAMINA
3628,SP,ARANDU
3629,SP,ARARAQUARA
3630,SP,ARARAS
3631,SP,ARAÇARIGUAMA
3632,SP,ARAÇATUBA
3633,SP,ARAÇOIABA DA SERRA
3634,SP,AREALVA
3635,SP,AREIAS
3636,SP,AREIÓPOLIS
3637,SP,ARIRANHA
3638,SP,ARTUR NOGUEIRA
3639,SP,ARUJÁ
3640,SP,ASSIS
3641,SP,ATIBAIA
3642,SP,AURIFLAMA
3643,SP,AVARÉ
3644,SP,AVAÍ
3645,SP,BADY BASSITT
3646,SP,BANANAL
3647,SP,BARBOSA
3648,SP,BARIRI
3649,SP,BARRA BONITA
3650,SP,BARRA DO CHAPÉU
3651,SP,BARRA DO TURVO
3652,SP,BARRETOS
3653,SP,BARRINHA
3654,SP,BARUERI
3655,SP,BARÃO DE ANTONINA
3656,SP,BASTOS
3657,SP,BATATAIS
3658,SP,BAURU
3659,SP,BEBEDOURO
3660,SP,BENTO DE ABREU
3661,SP,BERNARDINO DE CAMPOS
3662,SP,BERTIOGA
3663,SP,BILAC
3664,SP,BIRIGUI
3665,SP,BIRITIBA-MIRIM
3666,SP,BOA ESPERANÇA DO SUL
3667,SP,BOCAINA
3668,SP,BOFETE
3669,SP,BOITUVA
3670,SP,BOM JESUS DOS PERDÕES
3671,SP,BOM SUCESSO DE ITARARÉ
3672,SP,BORBOREMA
3673,SP,BOTUCATU
3674,SP,BRAGANÇA PAULISTA
3675,SP,BRAÚNA
3676,SP,BRODOWSKI
3677,SP,BROTAS
3678,SP,BURI
3679,SP,BURITAMA
3680,SP,BURITIZAL
3681,SP,BÁLSAMO
3682,SP,CABREÚVA
3683,SP,CACHOEIRA PAULISTA
3684,SP,CACONDE
3685,SP,CAFELÂNDIA
3686,SP,CAIABU
3687,SP,CAIEIRAS
3688,SP,CAJAMAR
3689,SP,CAJATI
3690,SP,CAJOBI
3691,SP,CAJURU
3692,SP,CAMPINA DO MONTE ALEGRE
3693,SP,CAMPINAS
3694,SP,CAMPO LIMPO PAULISTA
3695,SP,CAMPOS DO JORDÃO
3696,SP,CAMPOS NOVOS PAULISTA
3697,SP,CANANÉIA
3698,SP,CANAS
3699,SP,CAPELA DO ALTO
3700,SP,CAPIVARI
3701,SP,CAPÃO BONITO
3702,SP,CARAGUATATUBA
3703,SP,CARAPICUÍBA
3704,SP,CARDOSO
3705,SP,CASA BRANCA
3706,SP,CATANDUVA
3707,SP,CATIGUÁ
3708,SP,CAÇAPAVA
3709,SP,CERQUEIRA CÉSAR
3710,SP,CERQUILHO
3711,SP,CESÁRIO LANGE
3712,SP,CHARQUEADA
3713,SP,CHAVANTES
3714,SP,CLEMENTINA
3715,SP,COLINA
3716,SP,COLÔMBIA
3717,SP,CONCHAL
3718,SP,CONCHAS
3719,SP,CORDEIRÓPOLIS
3720,SP,CORUMBATAÍ
3721,SP,COSMÓPOLIS
3722,SP,COTIA
3723,SP,CRAVINHOS
3724,SP,CRISTAIS PAULISTA
3725,SP,CRUZEIRO
3726,SP,CUBATÃO
3727,SP,CUNHA
3728,SP,CÂNDIDO MOTA
3729,SP,CÂNDIDO RODRIGUES
3730,SP,DESCALVADO
3731,SP,DIADEMA
3732,SP,DIVINOLÂNDIA
3733,SP,DOBRADA
3734,SP,DOIS CÓRREGOS
3735,SP,DOURADO
3736,SP,DRACENA
3737,SP,DUARTINA
3738,SP,DUMONT
3739,SP,ECHAPORÃ
3740,SP,ELDORADO
3741,SP,ELIAS FAUSTO
3742,SP,EMBU
3743,SP,EMBU-GUAÇU
3744,SP,ENGENHEIRO COELHO
3745,SP,ESPÍRITO SANTO DO PINHAL
3746,SP,ESTIVA GERBI
3747,SP,ESTRELA DO NORTE
3748,SP,ESTRELA D´OESTE
3749,SP,EUCLIDES DA CUNHA PAULISTA
3750,SP,FARTURA
3751,SP,FERNANDÓPOLIS
3752,SP,FERRAZ DE VASCONCELOS
3753,SP,FLORA RICA
3754,SP,FLORÍNIA
3755,SP,FLÓRIDA PAULISTA
3756,SP,FRANCA
3757,SP,FRANCISCO MORATO
3758,SP,FRANCO DA ROCHA
3759,SP,GARÇA
3760,SP,GAVIÃO PEIXOTO
3761,SP,GENERAL SALGADO
3762,SP,GETULINA
3763,SP,GUAIMBÊ
3764,SP,GUAIÇARA
3765,SP,GUAPIARA
3766,SP,GUAPIAÇU
3767,SP,GUARACI
3768,SP,GUARARAPES
3769,SP,GUARAREMA
3770,SP,GUARATINGUETÁ
3771,SP,GUARAÇAÍ
3772,SP,GUAREÍ
3773,SP,GUARIBA
3774,SP,GUARUJÁ
3775,SP,GUARULHOS
3776,SP,GUARÁ
3777,SP,GUATAPARÁ
3778,SP,GUAÍRA
3779,SP,GÁLIA
3780,SP,HERCULÂNDIA
3781,SP,HOLAMBRA
3782,SP,HORTOLÂNDIA
3783,SP,IACANGA
3784,SP,IACRI
3785,SP,IARAS
3786,SP,IBATÉ
3787,SP,IBIRAREMA
3788,SP,IBIRÁ
3789,SP,IBITINGA
3790,SP,IBIÚNA
3791,SP,ICÉM
3792,SP,IEPÊ
3793,SP,IGARAPAVA
3794,SP,IGARATÁ
3795,SP,IGARAÇU DO TIETÊ
3796,SP,IGUAPE
3797,SP,ILHA COMPRIDA
3798,SP,ILHA SOLTEIRA
3799,SP,ILHABELA
3800,SP,INDAIATUBA
3801,SP,INÚBIA PAULISTA
3802,SP,IPAUSSU
3803,SP,IPERÓ
3804,SP,IPEÚNA
3805,SP,IPORANGA
3806,SP,IPUÃ
3807,SP,IRACEMÁPOLIS
3808,SP,IRAPURU
3809,SP,ITABERÁ
3810,SP,ITAJOBI
3811,SP,ITAJU
3812,SP,ITANHAÉM
3813,SP,ITAPECERICA DA SERRA
3814,SP,ITAPETININGA
3815,SP,ITAPEVA
3816,SP,ITAPEVI
3817,SP,ITAPIRA
3818,SP,ITAPIRAPUÃ PAULISTA
3819,SP,ITAPORANGA
3820,SP,ITAPUÍ
3821,SP,ITAQUAQUECETUBA
3822,SP,ITARARÉ
3823,SP,ITARIRI
3824,SP,ITATIBA
3825,SP,ITATINGA
3826,SP,ITAÍ
3827,SP,ITAÓCA
3828,SP,ITIRAPINA
3829,SP,ITOBI
3830,SP,ITU
3831,SP,ITUPEVA
3832,SP,ITUVERAVA
3833,SP,ITÁPOLIS
3834,SP,JABORANDI
3835,SP,JABOTICABAL
3836,SP,JACAREÍ
3837,SP,JACUPIRANGA
3838,SP,JAGUARIÚNA
3839,SP,JALES
3840,SP,JAMBEIRO
3841,SP,JANDIRA
3842,SP,JARDINÓPOLIS
3843,SP,JARINU
3844,SP,JAÚ
3845,SP,JOANÓPOLIS
3846,SP,JOSÉ BONIFÁCIO
3847,SP,JUNDIAÍ
3848,SP,JUNQUEIRÓPOLIS
3849,SP,JUQUITIBA
3850,SP,JUQUIÁ
3851,SP,JÚLIO MESQUITA
3852,SP,LAGOINHA
3853,SP,LARANJAL PAULISTA
3854,SP,LAVRINHAS
3855,SP,LEME
3856,SP,LENÇÓIS PAULISTA
3857,SP,LIMEIRA
3858,SP,LINDÓIA
3859,SP,LINS
3860,SP,LORENA
3861,SP,LOUVEIRA
3862,SP,LUCÉLIA
3863,SP,LUPÉRCIO
3864,SP,LUÍS ANTÔNIO
3865,SP,MACATUBA
3866,SP,MACAUBAL
3867,SP,MAIRINQUE
3868,SP,MAIRIPORÃ
3869,SP,MANDURI
3870,SP,MARABÁ PAULISTA
3871,SP,MARACAÍ
3872,SP,MARTINÓPOLIS
3873,SP,MARÍLIA
3874,SP,MATÃO
3875,SP,MAUÁ
3876,SP,MENDONÇA
3877,SP,MERIDIANO
3878,SP,MIGUELÓPOLIS
3879,SP,MINEIROS DO TIETÊ
3880,SP,MIRACATU
3881,SP,MIRANDÓPOLIS
3882,SP,MIRANTE DO PARANAPANEMA
3883,SP,MIRASSOL
3884,SP,MOCOCA
3885,SP,MOGI DAS CRUZES
3886,SP,MOGI GUAÇU
3887,SP,MOJI MIRIM
3888,SP,MONGAGUÁ
3889,SP,MONTE ALEGRE DO SUL
3890,SP,MONTE ALTO
3891,SP,MONTE APRAZÍVEL
3892,SP,MONTE AZUL PAULISTA
3893,SP,MONTE CASTELO
3894,SP,MONTE MOR
3895,SP,MONTEIRO LOBATO
3896,SP,MORRO AGUDO
3897,SP,MORUNGABA
3898,SP,MOTUCA
3899,SP,MURUTINGA DO SUL
3900,SP,NANTES
3901,SP,NARANDIBA
3902,SP,NATIVIDADE DA SERRA
3903,SP,NAZARÉ PAULISTA
3904,SP,NHANDEARA
3905,SP,NOVA CAMPINA
3906,SP,NOVA EUROPA
3907,SP,NOVA GRANADA
3908,SP,NOVA ODESSA
3909,SP,NOVAIS
3910,SP,NOVO HORIZONTE
3911,SP,NUPORANGA
3912,SP,OCAUÇU
3913,SP,OLÍMPIA
3914,SP,ONDA VERDE
3915,SP,ORINDIÚVA
3916,SP,ORLÂNDIA
3917,SP,OSASCO
3918,SP,OSCAR BRESSANE
3919,SP,OSVALDO CRUZ
3920,SP,OURINHOS
3921,SP,OURO VERDE
3922,SP,OUROESTE
3923,SP,PACAEMBU
3924,SP,PALESTINA
3925,SP,PALMARES PAULISTA
3926,SP,PALMEIRA D´OESTE
3927,SP,PALMITAL
3928,SP,PANORAMA
3929,SP,PARAGUAÇU PAULISTA
3930,SP,PARAIBUNA
3931,SP,PARANAPANEMA
3932,SP,PARAPUÃ
3933,SP,PARAÍSO
3934,SP,PARDINHO
3935,SP,PARIQUERA-AÇU
3936,SP,PATROCÍNIO PAULISTA
3937,SP,PAULICÉIA
3938,SP,PAULISTÂNIA
3939,SP,PAULO DE FARIA
3940,SP,PAULÍNIA
3941,SP,PEDERNEIRAS
3942,SP,PEDRA BELA
3943,SP,PEDRANÓPOLIS
3944,SP,PEDREGULHO
3945,SP,PEDREIRA
3946,SP,PEDRINHAS PAULISTA
3947,SP,PEDRO DE TOLEDO
3948,SP,PENÁPOLIS
3949,SP,PEREIRA BARRETO
3950,SP,PEREIRAS
3951,SP,PERUÍBE
3952,SP,PIACATU
3953,SP,PIEDADE
3954,SP,PILAR DO SUL
3955,SP,PINDAMONHANGABA
3956,SP,PINDORAMA
3957,SP,PINHALZINHO
3958,SP,PIQUETE
3959,SP,PIRACAIA
3960,SP,PIRACICABA
3961,SP,PIRAJU
3962,SP,PIRAJUÍ
3963,SP,PIRANGI
3964,SP,PIRAPORA DO BOM JESUS
3965,SP,PIRAPOZINHO
3966,SP,PIRASSUNUNGA
3967,SP,PIRATININGA
3968,SP,PITANGUEIRAS
3969,SP,PLANALTO
3970,SP,POMPÉIA
3971,SP,PONGAÍ
3972,SP,PONTAL
3973,SP,PORANGABA
3974,SP,PORTO FELIZ
3975,SP,PORTO FERREIRA
3976,SP,POTIM
3977,SP,POTIRENDABA
3978,SP,POÁ
3979,SP,PRADÓPOLIS
3980,SP,PRAIA GRANDE
3981,SP,PRATÂNIA
3982,SP,PRESIDENTE ALVES
3983,SP,PRESIDENTE BERNARDES
3984,SP,PRESIDENTE EPITÁCIO
3985,SP,PRESIDENTE PRUDENTE
3986,SP,PRESIDENTE VENCESLAU
3987,SP,PROMISSÃO
3988,SP,QUATÁ
3989,SP,QUELUZ
3990,SP,QUINTANA
3991,SP,RANCHARIA
3992,SP,REDENÇÃO DA SERRA
3993,SP,REGENTE FEIJÓ
3994,SP,REGINÓPOLIS
3995,SP,REGISTRO
3996,SP,RESTINGA
3997,SP,RIBEIRA
3998,SP,RIBEIRÃO BONITO
3999,SP,RIBEIRÃO BRANCO
4000,SP,RIBEIRÃO CORRENTE
4001,SP,RIBEIRÃO DO SUL
4002,SP,RIBEIRÃO GRANDE
4003,SP,RIBEIRÃO PIRES
4004,SP,RIBEIRÃO PRETO
4005,SP,RIFAINA
4006,SP,RINCÃO
4007,SP,RINÓPOLIS
4008,SP,RIO CLARO
4009,SP,RIO DAS PEDRAS
4010,SP,RIO GRANDE DA SERRA
4011,SP,RIOLÂNDIA
4012,SP,ROSANA
4013,SP,ROSEIRA
4014,SP,SABINO
4015,SP,SALES
4016,SP,SALES OLIVEIRA
4017,SP,SALESÓPOLIS
4018,SP,SALTINHO
4019,SP,SALTO
4020,SP,SALTO DE PIRAPORA
4021,SP,SALTO GRANDE
4022,SP,SANDOVALINA
4023,SP,SANTA ADÉLIA
4024,SP,SANTA BRANCA
4025,SP,SANTA BÁRBARA D´OESTE
4026,SP,SANTA CRUZ DA CONCEIÇÃO
4027,SP,SANTA CRUZ DA ESPERANÇA
4028,SP,SANTA CRUZ DAS PALMEIRAS
4029,SP,SANTA CRUZ DO RIO PARDO
4030,SP,SANTA ERNESTINA
4031,SP,SANTA FÉ DO SUL
4032,SP,SANTA GERTRUDES
4033,SP,SANTA ISABEL
4034,SP,SANTA MARIA DA SERRA
4035,SP,SANTA RITA DO PASSA QUATRO
4036,SP,SANTA ROSA DE VITERBO
4037,SP,SANTANA DE PARNAÍBA
4038,SP,SANTO ANASTÁCIO
4039,SP,SANTO ANDRÉ
4040,SP,SANTO ANTÔNIO DA ALEGRIA
4041,SP,SANTO ANTÔNIO DE POSSE
4042,SP,SANTO ANTÔNIO DO ARACANGUÁ
4043,SP,SANTO ANTÔNIO DO JARDIM
4044,SP,SANTO ANTÔNIO DO PINHAL
4045,SP,SANTOS
4046,SP,SANTÓPOLIS DO AGUAPEÍ
4047,SP,SARAPUÍ
4048,SP,SEBASTIANÓPOLIS DO SUL
4049,SP,SERRA AZUL
4050,SP,SERRA NEGRA
4051,SP,SERRANA
4052,SP,SERTÃOZINHO
4053,SP,SETE BARRAS
4054,SP,SEVERÍNIA
4055,SP,SILVEIRAS
4056,SP,SOCORRO
4057,SP,SOROCABA
4058,SP,SUD MENNUCCI
4059,SP,SUMARÉ
4060,SP,SUZANO
4061,SP,SÃO BENTO DO SAPUCAÍ
4062,SP,SÃO BERNARDO DO CAMPO
4063,SP,SÃO CAETANO DO SUL
4064,SP,SÃO CARLOS
4065,SP,SÃO JOAQUIM DA BARRA
4066,SP,SÃO JOSÉ DO BARREIRO
4067,SP,SÃO JOSÉ DO RIO PARDO
4068,SP,SÃO JOSÉ DO RIO PRETO
4069,SP,SÃO JOSÉ DOS CAMPOS
4070,SP,SÃO JOÃO DA BOA VISTA
4071,SP,SÃO LOURENÇO DA SERRA
4072,SP,SÃO LUÍS DO PARAITINGA
4073,SP,SÃO MANUEL
4074,SP,SÃO MIGUEL ARCANJO
4075,SP,SÃO PAULO
4076,SP,SÃO PEDRO
4077,SP,SÃO PEDRO DO TURVO
4078,SP,SÃO ROQUE
4079,SP,SÃO SEBASTIÃO
4080,SP,SÃO SEBASTIÃO DA GRAMA
4081,SP,SÃO SIMÃO
4082,SP,SÃO VICENTE
4083,SP,TABAPUÃ
4084,SP,TABATINGA
4085,SP,TABOÃO DA SERRA
4086,SP,TACIBA
4087,SP,TAGUAÍ
4088,SP,TAMBAÚ
4089,SP,TANABI
4090,SP,TAPIRATIBA
4091,SP,TAQUARAL
4092,SP,TAQUARITINGA
4093,SP,TAQUARITUBA
4094,SP,TAQUARIVAÍ
4095,SP,TARABAI
4096,SP,TARUMÃ
4097,SP,TATUÍ
4098,SP,TAUBATÉ
4099,SP,TEODORO SAMPAIO
4100,SP,TERRA ROXA
4101,SP,TIETÊ
4102,SP,TORRINHA
4103,SP,TREMEMBÉ
4104,SP,TUIUTI
4105,SP,TUPI PAULISTA
4106,SP,TUPÃ
4107,SP,UBATUBA
4108,SP,UCHOA
4109,SP,URUPÊS
4110,SP,VALENTIM GENTIL
4111,SP,VALINHOS
4112,SP,VALPARAÍSO
4113,SP,VARGEM
4114,SP,VARGEM GRANDE DO SUL
4115,SP,VARGEM GRANDE PAULISTA
4116,SP,VERA CRUZ
4117,SP,VINHEDO
4118,SP,VIRADOURO
4119,SP,VISTA ALEGRE DO ALTO
4120,SP,VOTORANTIM
4121,SP,VOTUPORANGA
4122,SP,VÁRZEA PAULISTA
4123,SP,ÁGUAS DE LINDÓIA
4124,SP,ÁGUAS DE SANTA BÁRBARA
4125,SP,ÁGUAS DE SÃO PEDRO
4126,SP,ÁLVARES MACHADO
4127,TO,ABREULÂNDIA
4128,TO,AGUIARNÓPOLIS
4129,TO,ALIANÇA DO TOCANTINS
4130,TO,ALMAS
4131,TO,ALVORADA
4132,TO,ANANÁS
4133,TO,ANGICO
4134,TO,APARECIDA DO RIO NEGRO
4135,TO,ARAGOMINAS
4136,TO,ARAGUACEMA
4137,TO,ARAGUANÃ
4138,TO,ARAGUATINS
4139,TO,ARAGUAÇU
4140,TO,ARAGUAÍNA
4141,TO,ARAPOEMA
4142,TO,ARRAIAS
4143,TO,AUGUSTINÓPOLIS
4144,TO,AURORA DO TOCANTINS
4145,TO,AXIXÁ DO TOCANTINS
4146,TO,BABAÇULÂNDIA
4147,TO,BANDEIRANTES DO TOCANTINS
4148,TO,BARRA DO OURO
4149,TO,BARROLÂNDIA
4150,TO,BERNARDO SAYÃO
4151,TO,BOM JESUS DO TOCANTINS
4152,TO,BRASILÂNDIA DO TOCANTINS
4153,TO,BREJINHO DE NAZARÉ
4154,TO,BURITI DO TOCANTINS
4155,TO,CACHOEIRINHA
4156,TO,CAMPOS LINDOS
4157,TO,CARIRI DO TOCANTINS
4158,TO,CARMOLÂNDIA
4159,TO,CARRASCO BONITO
4160,TO,CASEARA
4161,TO,CENTENÁRIO
4162,TO,CHAPADA DA NATIVIDADE
4163,TO,CHAPADA DE AREIA
4164,TO,COLINAS DO TOCANTINS
4165,TO,COLMÉIA
4166,TO,COMBINADO
4167,TO,CONCEIÇÃO DO TOCANTINS
4168,TO,COUTO DE MAGALHÃES
4169,TO,CRISTALÂNDIA
4170,TO,CRIXÁS DO TOCANTINS
4171,TO,DARCINÓPOLIS
4172,TO,DIANÓPOLIS
4173,TO,DIVINÓPOLIS DO TOCANTINS
4174,TO,DOIS IRMÃOS DO TOCANTINS
4175,TO,DUERÉ
4176,TO,ESPERANTINA
4177,TO,FIGUEIRÓPOLIS
4178,TO,FILADÉLFIA
4179,TO,FORMOSO DO ARAGUAIA
4180,TO,FORTALEZA DO TABOCÃO
4181,TO,FÁTIMA
4182,TO,GOIANORTE
4183,TO,GOIATINS
4184,TO,GUARAÍ
4185,TO,GURUPI
4186,TO,IPUEIRAS
4187,TO,ITACAJÁ
4188,TO,ITAGUATINS
4189,TO,ITAPIRATINS
4190,TO,ITAPORÃ DO TOCANTINS
4191,TO,JAÚ DO TOCANTINS
4192,TO,JUARINA
4193,TO,LAGOA DA CONFUSÃO
4194,TO,LAGOA DO TOCANTINS
4195,TO,LAJEADO
4196,TO,LAVANDEIRA
4197,TO,LIZARDA
4198,TO,LUZINÓPOLIS
4199,TO,MARIANÓPOLIS DO TOCANTINS
4200,TO,MATEIROS
4201,TO,MAURILÂNDIA DO TOCANTINS
4202,TO,MIRACEMA DO TOCANTINS
4203,TO,MIRANORTE
4204,TO,MONTE DO CARMO
4205,TO,MONTE SANTO DO TOCANTINS
4206,TO,MURICILÂNDIA
4207,TO,NATIVIDADE
4208,TO,NAZARÉ
4209,TO,NOVA OLINDA
4210,TO,NOVA ROSALÂNDIA
4211,TO,NOVO ACORDO
4212,TO,NOVO ALEGRE
4213,TO,NOVO JARDIM
4214,TO,OLIVEIRA DE FÁTIMA
4215,TO,PALMAS
4216,TO,PALMEIRANTE
4217,TO,PALMEIRAS DO TOCANTINS
4218,TO,PALMEIRÓPOLIS
4219,TO,PARANÃ
4220,TO,PARAÍSO DO TOCANTINS
4221,TO,PAU D´ARCO
4222,TO,PEDRO AFONSO
4223,TO,PEIXE
4224,TO,PEQUIZEIRO
4225,TO,PINDORAMA DO TOCANTINS
4226,TO,PIRAQUÊ
4227,TO,PIUM
4228,TO,PONTE ALTA DO BOM JESUS
4229,TO,PONTE ALTA DO TOCANTINS
4230,TO,PORTO ALEGRE DO TOCANTINS
4231,TO,PORTO NACIONAL
4232,TO,PRAIA NORTE
4233,TO,PRESIDENTE KENNEDY
4234,TO,PUGMIL
4235,TO,RECURSOLÂNDIA
4236,TO,RIACHINHO
4237,TO,RIO DA CONCEIÇÃO
4238,TO,RIO DOS BOIS
4239,TO,RIO SONO
4240,TO,SAMPAIO
4241,TO,SANDOLÂNDIA
4242,TO,SANTA FÉ DO ARAGUAIA
4243,TO,SANTA MARIA DO TOCANTINS
4244,TO,SANTA RITA DO TOCANTINS
4245,TO,SANTA ROSA DO TOCANTINS
4246,TO,SANTA TEREZA DO TOCANTINS
4247,TO,SANTA TEREZINHA DO TOCANTINS
4248,TO,SILVANÓPOLIS
4249,TO,SUCUPIRA
4250,TO,SÃO BENTO DO TOCANTINS
4251,TO,SÃO FÉLIX DO TOCANTINS
4252,TO,SÃO MIGUEL DO TOCANTINS
4253,TO,SÃO SALVADOR DO TOCANTINS
4254,TO,SÃO SEBASTIÃO DO TOCANTINS
4255,TO,SÃO VALÉRIO DA NATIVIDADE
4256,TO,SÍTIO NOVO DO TOCANTINS
4257,TO,TAGUATINGA
4258,TO,TAIPAS DO TOCANTINS
4259,TO,TALISMÃ
4260,TO,TOCANTINÓPOLIS
4261,TO,TOCANTÍNIA
4262,TO,TUPIRAMA
4263,TO,TUPIRATINS
4264,TO,WANDERLÂNDIA
4265,TO,XAMBIOÁ
4266,ZZ,IGNORADO OU EXTERIOR
